15-Jun-2026 00:04:59.232 INFO [http-nio-8080-exec-3] org.apache.catalina.startup.HostConfig.undeploy Undeploying context [/MaterialGatePassSystem]
15-Jun-2026 00:06:04.486 INFO [http-nio-8080-exec-9] org.apache.catalina.startup.HostConfig.deployDescriptor Deploying deployment descriptor [C:\Users\rosha\Downloads\apache-tomcat-9.0.118-windows-x64\apache-tomcat-9.0.118\conf\Catalina\localhost\MaterialGatePassSystem.xml]
15-Jun-2026 00:06:04.488 WARNING [http-nio-8080-exec-9] org.apache.catalina.startup.HostConfig.deployDescriptor The path attribute with value [/MaterialGatePassSystem] in deployment descriptor [C:\Users\rosha\Downloads\apache-tomcat-9.0.118-windows-x64\apache-tomcat-9.0.118\conf\Catalina\localhost\MaterialGatePassSystem.xml] has been ignored
15-Jun-2026 00:06:04.910 INFO [http-nio-8080-exec-9] org.apache.jasper.servlet.TldScanner.scanJars At least one JAR was scanned for TLDs yet contained no TLDs. Enable debug logging for this logger for a complete list of JARs that were scanned but no TLDs were found in them. Skipping unneeded JARs during scanning can improve startup time and JSP compilation time.
15-Jun-2026 00:06:04.916 INFO [http-nio-8080-exec-9] org.apache.catalina.startup.HostConfig.deployDescriptor Deployment of deployment descriptor [C:\Users\rosha\Downloads\apache-tomcat-9.0.118-windows-x64\apache-tomcat-9.0.118\conf\Catalina\localhost\MaterialGatePassSystem.xml] has finished in [429] ms
15-Jun-2026 00:06:04.920 INFO [http-nio-8080-exec-6] org.apache.catalina.util.LifecycleBase.start The start() method was called on component [StandardEngine[Catalina].StandardHost[localhost].StandardContext[/MaterialGatePassSystem]] after start() had already been called. The second call will be ignored.
15-Jun-2026 00:10:38.425 INFO [http-nio-8080-exec-17] org.apache.catalina.startup.HostConfig.undeploy Undeploying context [/MaterialGatePassSystem]
15-Jun-2026 00:21:38.460 INFO [main] org.apache.catalina.core.StandardServer.await A valid shutdown command was received via the shutdown port. Stopping the Server instance.
15-Jun-2026 00:21:38.461 INFO [main] org.apache.coyote.AbstractProtocol.pause Pausing ProtocolHandler ["http-nio-8080"]
15-Jun-2026 00:21:38.470 INFO [main] org.apache.catalina.core.StandardService.stopInternal Stopping service [Catalina]
15-Jun-2026 00:21:38.492 INFO [main] org.apache.coyote.AbstractProtocol.stop Stopping ProtocolHandler ["http-nio-8080"]
15-Jun-2026 00:21:38.503 INFO [main] org.apache.coyote.AbstractProtocol.destroy Destroying ProtocolHandler ["http-nio-8080"]
15-Jun-2026 00:21:42.565 INFO [main] org.apache.catalina.startup.VersionLoggerListener.log Server version name:   Apache Tomcat/9.0.118
15-Jun-2026 00:21:42.571 INFO [main] org.apache.catalina.startup.VersionLoggerListener.log Server built:          May 1 2026 19:30:30 UTC
15-Jun-2026 00:21:42.571 INFO [main] org.apache.catalina.startup.VersionLoggerListener.log Server version number: 9.0.118.0
15-Jun-2026 00:21:42.572 INFO [main] org.apache.catalina.startup.VersionLoggerListener.log OS Name:               Windows 11
15-Jun-2026 00:21:42.572 INFO [main] org.apache.catalina.startup.VersionLoggerListener.log OS Version:            10.0
15-Jun-2026 00:21:42.572 INFO [main] org.apache.catalina.startup.VersionLoggerListener.log Architecture:          amd64
15-Jun-2026 00:21:42.572 INFO [main] org.apache.catalina.startup.VersionLoggerListener.log Java Home:             C:\Program Files\Java\jdk-21.0.11
15-Jun-2026 00:21:42.572 INFO [main] org.apache.catalina.startup.VersionLoggerListener.log JVM Version:           21.0.11+9-LTS-211
15-Jun-2026 00:21:42.572 INFO [main] org.apache.catalina.startup.VersionLoggerListener.log JVM Vendor:            Oracle Corporation
15-Jun-2026 00:21:42.573 INFO [main] org.apache.catalina.startup.VersionLoggerListener.log CATALINA_BASE:         C:\Users\rosha\Downloads\apache-tomcat-9.0.118-windows-x64\apache-tomcat-9.0.118
15-Jun-2026 00:21:42.573 INFO [main] org.apache.catalina.startup.VersionLoggerListener.log CATALINA_HOME:         C:\Users\rosha\Downloads\apache-tomcat-9.0.118-windows-x64\apache-tomcat-9.0.118
15-Jun-2026 00:21:42.586 INFO [main] org.apache.catalina.startup.VersionLoggerListener.log Command line argument: --add-opens=java.base/java.lang=ALL-UNNAMED
15-Jun-2026 00:21:42.586 INFO [main] org.apache.catalina.startup.VersionLoggerListener.log Command line argument: --add-opens=java.base/java.lang.invoke=ALL-UNNAMED
15-Jun-2026 00:21:42.586 INFO [main] org.apache.catalina.startup.VersionLoggerListener.log Command line argument: --add-opens=java.base/java.lang.reflect=ALL-UNNAMED
15-Jun-2026 00:21:42.587 INFO [main] org.apache.catalina.startup.VersionLoggerListener.log Command line argument: --add-opens=java.base/java.io=ALL-UNNAMED
15-Jun-2026 00:21:42.587 INFO [main] org.apache.catalina.startup.VersionLoggerListener.log Command line argument: --add-opens=java.base/java.util=ALL-UNNAMED
15-Jun-2026 00:21:42.587 INFO [main] org.apache.catalina.startup.VersionLoggerListener.log Command line argument: --add-opens=java.base/java.util.concurrent=ALL-UNNAMED
15-Jun-2026 00:21:42.587 INFO [main] org.apache.catalina.startup.VersionLoggerListener.log Command line argument: --add-opens=java.rmi/sun.rmi.transport=ALL-UNNAMED
15-Jun-2026 00:21:42.587 INFO [main] org.apache.catalina.startup.VersionLoggerListener.log Command line argument: -Djava.util.logging.config.file=C:\Users\rosha\Downloads\apache-tomcat-9.0.118-windows-x64\apache-tomcat-9.0.118\conf\logging.properties
15-Jun-2026 00:21:42.587 INFO [main] org.apache.catalina.startup.VersionLoggerListener.log Command line argument: -Djava.util.logging.manager=org.apache.juli.ClassLoaderLogManager
15-Jun-2026 00:21:42.587 INFO [main] org.apache.catalina.startup.VersionLoggerListener.log Command line argument: -Djdk.tls.ephemeralDHKeySize=2048
15-Jun-2026 00:21:42.587 INFO [main] org.apache.catalina.startup.VersionLoggerListener.log Command line argument: -Djava.protocol.handler.pkgs=org.apache.catalina.webresources
15-Jun-2026 00:21:42.587 INFO [main] org.apache.catalina.startup.VersionLoggerListener.log Command line argument: -Dsun.io.useCanonCaches=false
15-Jun-2026 00:21:42.587 INFO [main] org.apache.catalina.startup.VersionLoggerListener.log Command line argument: -agentlib:jdwp=transport=dt_shmem,address=tomcat_shared_memory_id,server=y,suspend=n
15-Jun-2026 00:21:42.587 INFO [main] org.apache.catalina.startup.VersionLoggerListener.log Command line argument: -Dignore.endorsed.dirs=
15-Jun-2026 00:21:42.588 INFO [main] org.apache.catalina.startup.VersionLoggerListener.log Command line argument: -Dcatalina.base=C:\Users\rosha\Downloads\apache-tomcat-9.0.118-windows-x64\apache-tomcat-9.0.118
15-Jun-2026 00:21:42.602 INFO [main] org.apache.catalina.startup.VersionLoggerListener.log Command line argument: -Dcatalina.home=C:\Users\rosha\Downloads\apache-tomcat-9.0.118-windows-x64\apache-tomcat-9.0.118
15-Jun-2026 00:21:42.602 INFO [main] org.apache.catalina.startup.VersionLoggerListener.log Command line argument: -Djava.io.tmpdir=C:\Users\rosha\Downloads\apache-tomcat-9.0.118-windows-x64\apache-tomcat-9.0.118\temp
15-Jun-2026 00:21:42.611 INFO [main] org.apache.catalina.core.AprLifecycleListener.lifecycleEvent Loaded Apache Tomcat Native library [1.3.7] using APR version [1.7.6].
15-Jun-2026 00:21:42.612 INFO [main] org.apache.catalina.core.AprLifecycleListener.lifecycleEvent APR capabilities: IPv6 [true], sendfile [true], accept filters [false], random [true], UDS [true].
15-Jun-2026 00:21:42.612 INFO [main] org.apache.catalina.core.AprLifecycleListener.lifecycleEvent APR/OpenSSL configuration: useAprConnector [false], useOpenSSL [true]
15-Jun-2026 00:21:42.623 INFO [main] org.apache.catalina.core.AprLifecycleListener.initializeSSL OpenSSL successfully initialized [OpenSSL 3.0.19 27 Jan 2026]
15-Jun-2026 00:21:43.029 INFO [main] org.apache.coyote.AbstractProtocol.init Initializing ProtocolHandler ["http-nio-8080"]
15-Jun-2026 00:21:43.059 INFO [main] org.apache.catalina.startup.Catalina.load Server initialization in [782] milliseconds
15-Jun-2026 00:21:43.120 INFO [main] org.apache.catalina.core.StandardService.startInternal Starting service [Catalina]
15-Jun-2026 00:21:43.122 INFO [main] org.apache.catalina.core.StandardEngine.startInternal Starting Servlet engine: [Apache Tomcat/9.0.118]
15-Jun-2026 00:21:43.134 INFO [main] org.apache.catalina.startup.HostConfig.deployDescriptor Deploying deployment descriptor [C:\Users\rosha\Downloads\apache-tomcat-9.0.118-windows-x64\apache-tomcat-9.0.118\conf\Catalina\localhost\Gatepassweb.xml]
15-Jun-2026 00:21:43.148 WARNING [main] org.apache.catalina.startup.HostConfig.deployDescriptor The path attribute with value [/Gatepassweb] in deployment descriptor [C:\Users\rosha\Downloads\apache-tomcat-9.0.118-windows-x64\apache-tomcat-9.0.118\conf\Catalina\localhost\Gatepassweb.xml] has been ignored
15-Jun-2026 00:21:43.193 SEVERE [main] org.apache.catalina.startup.HostConfig.deployDescriptor Error deploying deployment descriptor [C:\Users\rosha\Downloads\apache-tomcat-9.0.118-windows-x64\apache-tomcat-9.0.118\conf\Catalina\localhost\Gatepassweb.xml]
	java.lang.IllegalStateException: Error starting child
		at org.apache.catalina.core.ContainerBase.addChildInternal(ContainerBase.java:600)
		at org.apache.catalina.core.ContainerBase.addChild(ContainerBase.java:569)
		at org.apache.catalina.core.StandardHost.addChild(StandardHost.java:608)
		at org.apache.catalina.startup.HostConfig.deployDescriptor(HostConfig.java:677)
		at org.apache.catalina.startup.HostConfig$DeployDescriptor.run(HostConfig.java:1836)
		at java.base/java.util.concurrent.Executors$RunnableAdapter.call(Executors.java:572)
		at java.base/java.util.concurrent.FutureTask.run(FutureTask.java:317)
		at org.apache.tomcat.util.threads.InlineExecutorService.execute(InlineExecutorService.java:82)
		at java.base/java.util.concurrent.AbstractExecutorService.submit(AbstractExecutorService.java:123)
		at org.apache.catalina.startup.HostConfig.deployDescriptors(HostConfig.java:572)
		at org.apache.catalina.startup.HostConfig.deployApps(HostConfig.java:463)
		at org.apache.catalina.startup.HostConfig.start(HostConfig.java:1576)
		at org.apache.catalina.startup.HostConfig.lifecycleEvent(HostConfig.java:309)
		at org.apache.catalina.util.LifecycleBase.fireLifecycleEvent(LifecycleBase.java:109)
		at org.apache.catalina.util.LifecycleBase.setStateInternal(LifecycleBase.java:389)
		at org.apache.catalina.util.LifecycleBase.setState(LifecycleBase.java:336)
		at org.apache.catalina.core.ContainerBase.startInternal(ContainerBase.java:774)
		at org.apache.catalina.core.StandardHost.startInternal(StandardHost.java:726)
		at org.apache.catalina.util.LifecycleBase.start(LifecycleBase.java:164)
		at org.apache.catalina.core.ContainerBase$StartChild.call(ContainerBase.java:1201)
		at org.apache.catalina.core.ContainerBase$StartChild.call(ContainerBase.java:1191)
		at java.base/java.util.concurrent.FutureTask.run(FutureTask.java:317)
		at org.apache.tomcat.util.threads.InlineExecutorService.execute(InlineExecutorService.java:82)
		at java.base/java.util.concurrent.AbstractExecutorService.submit(AbstractExecutorService.java:145)
		at org.apache.catalina.core.ContainerBase.startInternal(ContainerBase.java:747)
		at org.apache.catalina.core.StandardEngine.startInternal(StandardEngine.java:209)
		at org.apache.catalina.util.LifecycleBase.start(LifecycleBase.java:164)
		at org.apache.catalina.core.StandardService.startInternal(StandardService.java:410)
		at org.apache.catalina.util.LifecycleBase.start(LifecycleBase.java:164)
		at org.apache.catalina.core.StandardServer.startInternal(StandardServer.java:872)
		at org.apache.catalina.util.LifecycleBase.start(LifecycleBase.java:164)
		at org.apache.catalina.startup.Catalina.start(Catalina.java:736)
		at java.base/jdk.internal.reflect.DirectMethodHandleAccessor.invoke(DirectMethodHandleAccessor.java:103)
		at java.base/java.lang.reflect.Method.invoke(Method.java:580)
		at org.apache.catalina.startup.Bootstrap.start(Bootstrap.java:342)
		at org.apache.catalina.startup.Bootstrap.main(Bootstrap.java:473)
	Caused by: org.apache.catalina.LifecycleException: Failed to start component [org.apache.catalina.webresources.StandardRoot@362045c0]
		at org.apache.catalina.util.LifecycleBase.handleSubClassException(LifecycleBase.java:404)
		at org.apache.catalina.util.LifecycleBase.start(LifecycleBase.java:179)
		at org.apache.catalina.core.StandardContext.resourcesStart(StandardContext.java:4164)
		at org.apache.catalina.core.StandardContext.startInternal(StandardContext.java:4286)
		at org.apache.catalina.util.LifecycleBase.start(LifecycleBase.java:164)
		at org.apache.catalina.core.ContainerBase.addChildInternal(ContainerBase.java:597)
		... 35 more
	Caused by: java.lang.IllegalArgumentException: The main resource set specified [C:\Users\rosha\OneDrive\Documents\NetBeansProjects\Gatepassweb\build\web] is not a directory or war file, or is not readable (it does not exist or permissions to access it are missing)
		at org.apache.catalina.webresources.StandardRoot.createMainResourceSet(StandardRoot.java:758)
		at org.apache.catalina.webresources.StandardRoot.startInternal(StandardRoot.java:715)
		at org.apache.catalina.util.LifecycleBase.start(LifecycleBase.java:164)
		... 39 more
15-Jun-2026 00:21:43.208 INFO [main] org.apache.catalina.startup.HostConfig.deployDescriptor Deployment of deployment descriptor [C:\Users\rosha\Downloads\apache-tomcat-9.0.118-windows-x64\apache-tomcat-9.0.118\conf\Catalina\localhost\Gatepassweb.xml] has finished in [74] ms
15-Jun-2026 00:21:43.208 INFO [main] org.apache.catalina.startup.HostConfig.deployDirectory Deploying web application directory [C:\Users\rosha\Downloads\apache-tomcat-9.0.118-windows-x64\apache-tomcat-9.0.118\webapps\docs]
15-Jun-2026 00:21:43.677 INFO [main] org.apache.catalina.startup.HostConfig.deployDirectory Deployment of web application directory [C:\Users\rosha\Downloads\apache-tomcat-9.0.118-windows-x64\apache-tomcat-9.0.118\webapps\docs] has finished in [469] ms
15-Jun-2026 00:21:43.679 INFO [main] org.apache.catalina.startup.HostConfig.deployDirectory Deploying web application directory [C:\Users\rosha\Downloads\apache-tomcat-9.0.118-windows-x64\apache-tomcat-9.0.118\webapps\examples]
15-Jun-2026 00:21:44.247 INFO [main] org.apache.catalina.startup.HostConfig.deployDirectory Deployment of web application directory [C:\Users\rosha\Downloads\apache-tomcat-9.0.118-windows-x64\apache-tomcat-9.0.118\webapps\examples] has finished in [568] ms
15-Jun-2026 00:21:44.248 INFO [main] org.apache.catalina.startup.HostConfig.deployDirectory Deploying web application directory [C:\Users\rosha\Downloads\apache-tomcat-9.0.118-windows-x64\apache-tomcat-9.0.118\webapps\host-manager]
15-Jun-2026 00:21:44.298 INFO [main] org.apache.catalina.startup.HostConfig.deployDirectory Deployment of web application directory [C:\Users\rosha\Downloads\apache-tomcat-9.0.118-windows-x64\apache-tomcat-9.0.118\webapps\host-manager] has finished in [50] ms
15-Jun-2026 00:21:44.299 INFO [main] org.apache.catalina.startup.HostConfig.deployDirectory Deploying web application directory [C:\Users\rosha\Downloads\apache-tomcat-9.0.118-windows-x64\apache-tomcat-9.0.118\webapps\manager]
15-Jun-2026 00:21:44.348 INFO [main] org.apache.catalina.startup.HostConfig.deployDirectory Deployment of web application directory [C:\Users\rosha\Downloads\apache-tomcat-9.0.118-windows-x64\apache-tomcat-9.0.118\webapps\manager] has finished in [48] ms
15-Jun-2026 00:21:44.348 INFO [main] org.apache.catalina.startup.HostConfig.deployDirectory Deploying web application directory [C:\Users\rosha\Downloads\apache-tomcat-9.0.118-windows-x64\apache-tomcat-9.0.118\webapps\ROOT]
15-Jun-2026 00:21:44.381 INFO [main] org.apache.catalina.startup.HostConfig.deployDirectory Deployment of web application directory [C:\Users\rosha\Downloads\apache-tomcat-9.0.118-windows-x64\apache-tomcat-9.0.118\webapps\ROOT] has finished in [21] ms
15-Jun-2026 00:21:44.387 INFO [main] org.apache.coyote.AbstractProtocol.start Starting ProtocolHandler ["http-nio-8080"]
15-Jun-2026 00:21:44.423 INFO [main] org.apache.catalina.startup.Catalina.start Server startup in [1364] milliseconds
15-Jun-2026 00:21:45.131 INFO [http-nio-8080-exec-8] org.apache.catalina.startup.HostConfig.deployDescriptor Deploying deployment descriptor [C:\Users\rosha\Downloads\apache-tomcat-9.0.118-windows-x64\apache-tomcat-9.0.118\conf\Catalina\localhost\MaterialGatePassSystem.xml]
15-Jun-2026 00:21:45.132 WARNING [http-nio-8080-exec-8] org.apache.catalina.startup.HostConfig.deployDescriptor The path attribute with value [/MaterialGatePassSystem] in deployment descriptor [C:\Users\rosha\Downloads\apache-tomcat-9.0.118-windows-x64\apache-tomcat-9.0.118\conf\Catalina\localhost\MaterialGatePassSystem.xml] has been ignored
15-Jun-2026 00:21:45.772 INFO [http-nio-8080-exec-8] org.apache.jasper.servlet.TldScanner.scanJars At least one JAR was scanned for TLDs yet contained no TLDs. Enable debug logging for this logger for a complete list of JARs that were scanned but no TLDs were found in them. Skipping unneeded JARs during scanning can improve startup time and JSP compilation time.
15-Jun-2026 00:21:45.782 INFO [http-nio-8080-exec-8] org.apache.catalina.startup.HostConfig.deployDescriptor Deployment of deployment descriptor [C:\Users\rosha\Downloads\apache-tomcat-9.0.118-windows-x64\apache-tomcat-9.0.118\conf\Catalina\localhost\MaterialGatePassSystem.xml] has finished in [651] ms
15-Jun-2026 00:21:45.790 INFO [http-nio-8080-exec-7] org.apache.catalina.util.LifecycleBase.start The start() method was called on component [StandardEngine[Catalina].StandardHost[localhost].StandardContext[/MaterialGatePassSystem]] after start() had already been called. The second call will be ignored.
15-Jun-2026 00:22:53.466 INFO [http-nio-8080-exec-8] org.apache.catalina.core.StandardContext.reload Reloading Context with name [/MaterialGatePassSystem] has started
15-Jun-2026 00:22:53.947 INFO [http-nio-8080-exec-8] org.apache.jasper.servlet.TldScanner.scanJars At least one JAR was scanned for TLDs yet contained no TLDs. Enable debug logging for this logger for a complete list of JARs that were scanned but no TLDs were found in them. Skipping unneeded JARs during scanning can improve startup time and JSP compilation time.
15-Jun-2026 00:22:53.952 INFO [http-nio-8080-exec-8] org.apache.catalina.core.StandardContext.reload Reloading Context with name [/MaterialGatePassSystem] is completed
15-Jun-2026 00:23:40.649 INFO [http-nio-8080-exec-1] org.apache.catalina.core.StandardContext.reload Reloading Context with name [/MaterialGatePassSystem] has started
15-Jun-2026 00:23:41.268 INFO [http-nio-8080-exec-1] org.apache.jasper.servlet.TldScanner.scanJars At least one JAR was scanned for TLDs yet contained no TLDs. Enable debug logging for this logger for a complete list of JARs that were scanned but no TLDs were found in them. Skipping unneeded JARs during scanning can improve startup time and JSP compilation time.
15-Jun-2026 00:23:41.276 INFO [http-nio-8080-exec-1] org.apache.catalina.core.StandardContext.reload Reloading Context with name [/MaterialGatePassSystem] is completed
15-Jun-2026 00:23:41.755 INFO [http-nio-8080-exec-5] org.apache.catalina.core.StandardContext.reload Reloading Context with name [/MaterialGatePassSystem] has started
15-Jun-2026 00:23:42.198 INFO [http-nio-8080-exec-5] org.apache.jasper.servlet.TldScanner.scanJars At least one JAR was scanned for TLDs yet contained no TLDs. Enable debug logging for this logger for a complete list of JARs that were scanned but no TLDs were found in them. Skipping unneeded JARs during scanning can improve startup time and JSP compilation time.
15-Jun-2026 00:23:42.203 INFO [http-nio-8080-exec-5] org.apache.catalina.core.StandardContext.reload Reloading Context with name [/MaterialGatePassSystem] is completed
15-Jun-2026 00:24:01.648 INFO [http-nio-8080-exec-13] org.apache.catalina.core.StandardContext.reload Reloading Context with name [/MaterialGatePassSystem] has started
15-Jun-2026 00:24:02.032 INFO [http-nio-8080-exec-13] org.apache.jasper.servlet.TldScanner.scanJars At least one JAR was scanned for TLDs yet contained no TLDs. Enable debug logging for this logger for a complete list of JARs that were scanned but no TLDs were found in them. Skipping unneeded JARs during scanning can improve startup time and JSP compilation time.
15-Jun-2026 00:24:02.036 INFO [http-nio-8080-exec-13] org.apache.catalina.core.StandardContext.reload Reloading Context with name [/MaterialGatePassSystem] is completed
15-Jun-2026 00:24:18.412 INFO [http-nio-8080-exec-12] org.apache.catalina.startup.HostConfig.undeploy Undeploying context [/MaterialGatePassSystem]
15-Jun-2026 00:34:35.811 INFO [main] org.apache.catalina.core.StandardServer.await A valid shutdown command was received via the shutdown port. Stopping the Server instance.
15-Jun-2026 00:34:35.812 INFO [main] org.apache.coyote.AbstractProtocol.pause Pausing ProtocolHandler ["http-nio-8080"]
15-Jun-2026 00:34:35.820 INFO [main] org.apache.catalina.core.StandardService.stopInternal Stopping service [Catalina]
15-Jun-2026 00:34:35.838 INFO [main] org.apache.coyote.AbstractProtocol.stop Stopping ProtocolHandler ["http-nio-8080"]
15-Jun-2026 00:34:35.855 INFO [main] org.apache.coyote.AbstractProtocol.destroy Destroying ProtocolHandler ["http-nio-8080"]
15-Jun-2026 21:39:21.804 INFO [main] org.apache.catalina.startup.VersionLoggerListener.log Server version name:   Apache Tomcat/9.0.118
15-Jun-2026 21:39:21.818 INFO [main] org.apache.catalina.startup.VersionLoggerListener.log Server built:          May 1 2026 19:30:30 UTC
15-Jun-2026 21:39:21.818 INFO [main] org.apache.catalina.startup.VersionLoggerListener.log Server version number: 9.0.118.0
15-Jun-2026 21:39:21.818 INFO [main] org.apache.catalina.startup.VersionLoggerListener.log OS Name:               Windows 11
15-Jun-2026 21:39:21.818 INFO [main] org.apache.catalina.startup.VersionLoggerListener.log OS Version:            10.0
15-Jun-2026 21:39:21.818 INFO [main] org.apache.catalina.startup.VersionLoggerListener.log Architecture:          amd64
15-Jun-2026 21:39:21.818 INFO [main] org.apache.catalina.startup.VersionLoggerListener.log Java Home:             C:\Program Files\Java\jdk-21.0.11
15-Jun-2026 21:39:21.818 INFO [main] org.apache.catalina.startup.VersionLoggerListener.log JVM Version:           21.0.11+9-LTS-211
15-Jun-2026 21:39:21.818 INFO [main] org.apache.catalina.startup.VersionLoggerListener.log JVM Vendor:            Oracle Corporation
15-Jun-2026 21:39:21.818 INFO [main] org.apache.catalina.startup.VersionLoggerListener.log CATALINA_BASE:         C:\Users\rosha\Downloads\apache-tomcat-9.0.118-windows-x64\apache-tomcat-9.0.118
15-Jun-2026 21:39:21.818 INFO [main] org.apache.catalina.startup.VersionLoggerListener.log CATALINA_HOME:         C:\Users\rosha\Downloads\apache-tomcat-9.0.118-windows-x64\apache-tomcat-9.0.118
15-Jun-2026 21:39:21.827 INFO [main] org.apache.catalina.startup.VersionLoggerListener.log Command line argument: --add-opens=java.base/java.lang=ALL-UNNAMED
15-Jun-2026 21:39:21.827 INFO [main] org.apache.catalina.startup.VersionLoggerListener.log Command line argument: --add-opens=java.base/java.lang.invoke=ALL-UNNAMED
15-Jun-2026 21:39:21.827 INFO [main] org.apache.catalina.startup.VersionLoggerListener.log Command line argument: --add-opens=java.base/java.lang.reflect=ALL-UNNAMED
15-Jun-2026 21:39:21.827 INFO [main] org.apache.catalina.startup.VersionLoggerListener.log Command line argument: --add-opens=java.base/java.io=ALL-UNNAMED
15-Jun-2026 21:39:21.827 INFO [main] org.apache.catalina.startup.VersionLoggerListener.log Command line argument: --add-opens=java.base/java.util=ALL-UNNAMED
15-Jun-2026 21:39:21.827 INFO [main] org.apache.catalina.startup.VersionLoggerListener.log Command line argument: --add-opens=java.base/java.util.concurrent=ALL-UNNAMED
15-Jun-2026 21:39:21.827 INFO [main] org.apache.catalina.startup.VersionLoggerListener.log Command line argument: --add-opens=java.rmi/sun.rmi.transport=ALL-UNNAMED
15-Jun-2026 21:39:21.827 INFO [main] org.apache.catalina.startup.VersionLoggerListener.log Command line argument: -Djava.util.logging.config.file=C:\Users\rosha\Downloads\apache-tomcat-9.0.118-windows-x64\apache-tomcat-9.0.118\conf\logging.properties
15-Jun-2026 21:39:21.827 INFO [main] org.apache.catalina.startup.VersionLoggerListener.log Command line argument: -Djava.util.logging.manager=org.apache.juli.ClassLoaderLogManager
15-Jun-2026 21:39:21.827 INFO [main] org.apache.catalina.startup.VersionLoggerListener.log Command line argument: -Djdk.tls.ephemeralDHKeySize=2048
15-Jun-2026 21:39:21.827 INFO [main] org.apache.catalina.startup.VersionLoggerListener.log Command line argument: -Djava.protocol.handler.pkgs=org.apache.catalina.webresources
15-Jun-2026 21:39:21.827 INFO [main] org.apache.catalina.startup.VersionLoggerListener.log Command line argument: -Dsun.io.useCanonCaches=false
15-Jun-2026 21:39:21.827 INFO [main] org.apache.catalina.startup.VersionLoggerListener.log Command line argument: -Dignore.endorsed.dirs=
15-Jun-2026 21:39:21.827 INFO [main] org.apache.catalina.startup.VersionLoggerListener.log Command line argument: -Dcatalina.base=C:\Users\rosha\Downloads\apache-tomcat-9.0.118-windows-x64\apache-tomcat-9.0.118
15-Jun-2026 21:39:21.827 INFO [main] org.apache.catalina.startup.VersionLoggerListener.log Command line argument: -Dcatalina.home=C:\Users\rosha\Downloads\apache-tomcat-9.0.118-windows-x64\apache-tomcat-9.0.118
15-Jun-2026 21:39:21.854 INFO [main] org.apache.catalina.startup.VersionLoggerListener.log Command line argument: -Djava.io.tmpdir=C:\Users\rosha\Downloads\apache-tomcat-9.0.118-windows-x64\apache-tomcat-9.0.118\temp
15-Jun-2026 21:39:21.866 INFO [main] org.apache.catalina.core.AprLifecycleListener.lifecycleEvent Loaded Apache Tomcat Native library [1.3.7] using APR version [1.7.6].
15-Jun-2026 21:39:21.866 INFO [main] org.apache.catalina.core.AprLifecycleListener.lifecycleEvent APR capabilities: IPv6 [true], sendfile [true], accept filters [false], random [true], UDS [true].
15-Jun-2026 21:39:21.866 INFO [main] org.apache.catalina.core.AprLifecycleListener.lifecycleEvent APR/OpenSSL configuration: useAprConnector [false], useOpenSSL [true]
15-Jun-2026 21:39:21.890 INFO [main] org.apache.catalina.core.AprLifecycleListener.initializeSSL OpenSSL successfully initialized [OpenSSL 3.0.19 27 Jan 2026]
15-Jun-2026 21:39:22.167 INFO [main] org.apache.coyote.AbstractProtocol.init Initializing ProtocolHandler ["http-nio-8080"]
15-Jun-2026 21:39:22.189 INFO [main] org.apache.catalina.startup.Catalina.load Server initialization in [584] milliseconds
15-Jun-2026 21:39:22.239 INFO [main] org.apache.catalina.core.StandardService.startInternal Starting service [Catalina]
15-Jun-2026 21:39:22.239 INFO [main] org.apache.catalina.core.StandardEngine.startInternal Starting Servlet engine: [Apache Tomcat/9.0.118]
15-Jun-2026 21:39:22.249 INFO [main] org.apache.catalina.startup.HostConfig.deployDescriptor Deploying deployment descriptor [C:\Users\rosha\Downloads\apache-tomcat-9.0.118-windows-x64\apache-tomcat-9.0.118\conf\Catalina\localhost\Gatepassweb.xml]
15-Jun-2026 21:39:22.265 WARNING [main] org.apache.catalina.startup.HostConfig.deployDescriptor The path attribute with value [/Gatepassweb] in deployment descriptor [C:\Users\rosha\Downloads\apache-tomcat-9.0.118-windows-x64\apache-tomcat-9.0.118\conf\Catalina\localhost\Gatepassweb.xml] has been ignored
15-Jun-2026 21:39:22.294 SEVERE [main] org.apache.catalina.startup.HostConfig.deployDescriptor Error deploying deployment descriptor [C:\Users\rosha\Downloads\apache-tomcat-9.0.118-windows-x64\apache-tomcat-9.0.118\conf\Catalina\localhost\Gatepassweb.xml]
	java.lang.IllegalStateException: Error starting child
		at org.apache.catalina.core.ContainerBase.addChildInternal(ContainerBase.java:600)
		at org.apache.catalina.core.ContainerBase.addChild(ContainerBase.java:569)
		at org.apache.catalina.core.StandardHost.addChild(StandardHost.java:608)
		at org.apache.catalina.startup.HostConfig.deployDescriptor(HostConfig.java:677)
		at org.apache.catalina.startup.HostConfig$DeployDescriptor.run(HostConfig.java:1836)
		at java.base/java.util.concurrent.Executors$RunnableAdapter.call(Executors.java:572)
		at java.base/java.util.concurrent.FutureTask.run(FutureTask.java:317)
		at org.apache.tomcat.util.threads.InlineExecutorService.execute(InlineExecutorService.java:82)
		at java.base/java.util.concurrent.AbstractExecutorService.submit(AbstractExecutorService.java:123)
		at org.apache.catalina.startup.HostConfig.deployDescriptors(HostConfig.java:572)
		at org.apache.catalina.startup.HostConfig.deployApps(HostConfig.java:463)
		at org.apache.catalina.startup.HostConfig.start(HostConfig.java:1576)
		at org.apache.catalina.startup.HostConfig.lifecycleEvent(HostConfig.java:309)
		at org.apache.catalina.util.LifecycleBase.fireLifecycleEvent(LifecycleBase.java:109)
		at org.apache.catalina.util.LifecycleBase.setStateInternal(LifecycleBase.java:389)
		at org.apache.catalina.util.LifecycleBase.setState(LifecycleBase.java:336)
		at org.apache.catalina.core.ContainerBase.startInternal(ContainerBase.java:774)
		at org.apache.catalina.core.StandardHost.startInternal(StandardHost.java:726)
		at org.apache.catalina.util.LifecycleBase.start(LifecycleBase.java:164)
		at org.apache.catalina.core.ContainerBase$StartChild.call(ContainerBase.java:1201)
		at org.apache.catalina.core.ContainerBase$StartChild.call(ContainerBase.java:1191)
		at java.base/java.util.concurrent.FutureTask.run(FutureTask.java:317)
		at org.apache.tomcat.util.threads.InlineExecutorService.execute(InlineExecutorService.java:82)
		at java.base/java.util.concurrent.AbstractExecutorService.submit(AbstractExecutorService.java:145)
		at org.apache.catalina.core.ContainerBase.startInternal(ContainerBase.java:747)
		at org.apache.catalina.core.StandardEngine.startInternal(StandardEngine.java:209)
		at org.apache.catalina.util.LifecycleBase.start(LifecycleBase.java:164)
		at org.apache.catalina.core.StandardService.startInternal(StandardService.java:410)
		at org.apache.catalina.util.LifecycleBase.start(LifecycleBase.java:164)
		at org.apache.catalina.core.StandardServer.startInternal(StandardServer.java:872)
		at org.apache.catalina.util.LifecycleBase.start(LifecycleBase.java:164)
		at org.apache.catalina.startup.Catalina.start(Catalina.java:736)
		at java.base/jdk.internal.reflect.DirectMethodHandleAccessor.invoke(DirectMethodHandleAccessor.java:103)
		at java.base/java.lang.reflect.Method.invoke(Method.java:580)
		at org.apache.catalina.startup.Bootstrap.start(Bootstrap.java:342)
		at org.apache.catalina.startup.Bootstrap.main(Bootstrap.java:473)
	Caused by: org.apache.catalina.LifecycleException: Failed to start component [org.apache.catalina.webresources.StandardRoot@6736fa8d]
		at org.apache.catalina.util.LifecycleBase.handleSubClassException(LifecycleBase.java:404)
		at org.apache.catalina.util.LifecycleBase.start(LifecycleBase.java:179)
		at org.apache.catalina.core.StandardContext.resourcesStart(StandardContext.java:4164)
		at org.apache.catalina.core.StandardContext.startInternal(StandardContext.java:4286)
		at org.apache.catalina.util.LifecycleBase.start(LifecycleBase.java:164)
		at org.apache.catalina.core.ContainerBase.addChildInternal(ContainerBase.java:597)
		... 35 more
	Caused by: java.lang.IllegalArgumentException: The main resource set specified [C:\Users\rosha\OneDrive\Documents\NetBeansProjects\Gatepassweb\build\web] is not a directory or war file, or is not readable (it does not exist or permissions to access it are missing)
		at org.apache.catalina.webresources.StandardRoot.createMainResourceSet(StandardRoot.java:758)
		at org.apache.catalina.webresources.StandardRoot.startInternal(StandardRoot.java:715)
		at org.apache.catalina.util.LifecycleBase.start(LifecycleBase.java:164)
		... 39 more
15-Jun-2026 21:39:22.313 INFO [main] org.apache.catalina.startup.HostConfig.deployDescriptor Deployment of deployment descriptor [C:\Users\rosha\Downloads\apache-tomcat-9.0.118-windows-x64\apache-tomcat-9.0.118\conf\Catalina\localhost\Gatepassweb.xml] has finished in [64] ms
15-Jun-2026 21:39:22.314 INFO [main] org.apache.catalina.startup.HostConfig.deployDirectory Deploying web application directory [C:\Users\rosha\Downloads\apache-tomcat-9.0.118-windows-x64\apache-tomcat-9.0.118\webapps\docs]
15-Jun-2026 21:39:22.594 INFO [main] org.apache.catalina.startup.HostConfig.deployDirectory Deployment of web application directory [C:\Users\rosha\Downloads\apache-tomcat-9.0.118-windows-x64\apache-tomcat-9.0.118\webapps\docs] has finished in [279] ms
15-Jun-2026 21:39:22.594 INFO [main] org.apache.catalina.startup.HostConfig.deployDirectory Deploying web application directory [C:\Users\rosha\Downloads\apache-tomcat-9.0.118-windows-x64\apache-tomcat-9.0.118\webapps\examples]
15-Jun-2026 21:39:23.053 INFO [main] org.apache.catalina.startup.HostConfig.deployDirectory Deployment of web application directory [C:\Users\rosha\Downloads\apache-tomcat-9.0.118-windows-x64\apache-tomcat-9.0.118\webapps\examples] has finished in [458] ms
15-Jun-2026 21:39:23.053 INFO [main] org.apache.catalina.startup.HostConfig.deployDirectory Deploying web application directory [C:\Users\rosha\Downloads\apache-tomcat-9.0.118-windows-x64\apache-tomcat-9.0.118\webapps\host-manager]
15-Jun-2026 21:39:23.086 INFO [main] org.apache.catalina.startup.HostConfig.deployDirectory Deployment of web application directory [C:\Users\rosha\Downloads\apache-tomcat-9.0.118-windows-x64\apache-tomcat-9.0.118\webapps\host-manager] has finished in [32] ms
15-Jun-2026 21:39:23.086 INFO [main] org.apache.catalina.startup.HostConfig.deployDirectory Deploying web application directory [C:\Users\rosha\Downloads\apache-tomcat-9.0.118-windows-x64\apache-tomcat-9.0.118\webapps\manager]
15-Jun-2026 21:39:23.114 INFO [main] org.apache.catalina.startup.HostConfig.deployDirectory Deployment of web application directory [C:\Users\rosha\Downloads\apache-tomcat-9.0.118-windows-x64\apache-tomcat-9.0.118\webapps\manager] has finished in [28] ms
15-Jun-2026 21:39:23.114 INFO [main] org.apache.catalina.startup.HostConfig.deployDirectory Deploying web application directory [C:\Users\rosha\Downloads\apache-tomcat-9.0.118-windows-x64\apache-tomcat-9.0.118\webapps\ROOT]
15-Jun-2026 21:39:23.132 INFO [main] org.apache.catalina.startup.HostConfig.deployDirectory Deployment of web application directory [C:\Users\rosha\Downloads\apache-tomcat-9.0.118-windows-x64\apache-tomcat-9.0.118\webapps\ROOT] has finished in [18] ms
15-Jun-2026 21:39:23.136 INFO [main] org.apache.coyote.AbstractProtocol.start Starting ProtocolHandler ["http-nio-8080"]
15-Jun-2026 21:39:23.163 INFO [main] org.apache.catalina.startup.Catalina.start Server startup in [973] milliseconds
15-Jun-2026 21:39:23.276 INFO [http-nio-8080-exec-8] org.apache.catalina.startup.HostConfig.deployDescriptor Deploying deployment descriptor [C:\Users\rosha\Downloads\apache-tomcat-9.0.118-windows-x64\apache-tomcat-9.0.118\conf\Catalina\localhost\MaterialGatePassSystem.xml]
15-Jun-2026 21:39:23.277 WARNING [http-nio-8080-exec-8] org.apache.catalina.startup.HostConfig.deployDescriptor The path attribute with value [/MaterialGatePassSystem] in deployment descriptor [C:\Users\rosha\Downloads\apache-tomcat-9.0.118-windows-x64\apache-tomcat-9.0.118\conf\Catalina\localhost\MaterialGatePassSystem.xml] has been ignored
15-Jun-2026 21:39:23.563 INFO [http-nio-8080-exec-8] org.apache.jasper.servlet.TldScanner.scanJars At least one JAR was scanned for TLDs yet contained no TLDs. Enable debug logging for this logger for a complete list of JARs that were scanned but no TLDs were found in them. Skipping unneeded JARs during scanning can improve startup time and JSP compilation time.
15-Jun-2026 21:39:23.570 INFO [http-nio-8080-exec-8] org.apache.catalina.startup.HostConfig.deployDescriptor Deployment of deployment descriptor [C:\Users\rosha\Downloads\apache-tomcat-9.0.118-windows-x64\apache-tomcat-9.0.118\conf\Catalina\localhost\MaterialGatePassSystem.xml] has finished in [294] ms
15-Jun-2026 21:39:23.573 INFO [http-nio-8080-exec-7] org.apache.catalina.util.LifecycleBase.start The start() method was called on component [StandardEngine[Catalina].StandardHost[localhost].StandardContext[/MaterialGatePassSystem]] after start() had already been called. The second call will be ignored.
15-Jun-2026 21:54:29.959 INFO [http-nio-8080-exec-5] org.apache.catalina.core.StandardContext.reload Reloading Context with name [/MaterialGatePassSystem] has started
15-Jun-2026 21:54:30.203 INFO [http-nio-8080-exec-5] org.apache.jasper.servlet.TldScanner.scanJars At least one JAR was scanned for TLDs yet contained no TLDs. Enable debug logging for this logger for a complete list of JARs that were scanned but no TLDs were found in them. Skipping unneeded JARs during scanning can improve startup time and JSP compilation time.
15-Jun-2026 21:54:30.203 INFO [http-nio-8080-exec-5] org.apache.catalina.core.StandardContext.reload Reloading Context with name [/MaterialGatePassSystem] is completed
15-Jun-2026 21:54:30.722 INFO [http-nio-8080-exec-7] org.apache.catalina.startup.HostConfig.undeploy Undeploying context [/MaterialGatePassSystem]
15-Jun-2026 21:55:47.873 INFO [http-nio-8080-exec-4] org.apache.catalina.startup.HostConfig.deployDescriptor Deploying deployment descriptor [C:\Users\rosha\Downloads\apache-tomcat-9.0.118-windows-x64\apache-tomcat-9.0.118\conf\Catalina\localhost\MaterialGatePassSystem.xml]
15-Jun-2026 21:55:47.874 WARNING [http-nio-8080-exec-4] org.apache.catalina.startup.HostConfig.deployDescriptor The path attribute with value [/MaterialGatePassSystem] in deployment descriptor [C:\Users\rosha\Downloads\apache-tomcat-9.0.118-windows-x64\apache-tomcat-9.0.118\conf\Catalina\localhost\MaterialGatePassSystem.xml] has been ignored
15-Jun-2026 21:55:48.058 INFO [http-nio-8080-exec-4] org.apache.jasper.servlet.TldScanner.scanJars At least one JAR was scanned for TLDs yet contained no TLDs. Enable debug logging for this logger for a complete list of JARs that were scanned but no TLDs were found in them. Skipping unneeded JARs during scanning can improve startup time and JSP compilation time.
15-Jun-2026 21:55:48.058 INFO [http-nio-8080-exec-4] org.apache.catalina.startup.HostConfig.deployDescriptor Deployment of deployment descriptor [C:\Users\rosha\Downloads\apache-tomcat-9.0.118-windows-x64\apache-tomcat-9.0.118\conf\Catalina\localhost\MaterialGatePassSystem.xml] has finished in [185] ms
15-Jun-2026 21:55:48.071 INFO [http-nio-8080-exec-9] org.apache.catalina.util.LifecycleBase.start The start() method was called on component [StandardEngine[Catalina].StandardHost[localhost].StandardContext[/MaterialGatePassSystem]] after start() had already been called. The second call will be ignored.
15-Jun-2026 21:59:26.827 INFO [http-nio-8080-exec-15] org.apache.catalina.core.StandardContext.reload Reloading Context with name [/MaterialGatePassSystem] has started
15-Jun-2026 21:59:27.076 INFO [http-nio-8080-exec-15] org.apache.jasper.servlet.TldScanner.scanJars At least one JAR was scanned for TLDs yet contained no TLDs. Enable debug logging for this logger for a complete list of JARs that were scanned but no TLDs were found in them. Skipping unneeded JARs during scanning can improve startup time and JSP compilation time.
15-Jun-2026 21:59:27.080 INFO [http-nio-8080-exec-15] org.apache.catalina.core.StandardContext.reload Reloading Context with name [/MaterialGatePassSystem] is completed
15-Jun-2026 21:59:27.400 INFO [http-nio-8080-exec-12] org.apache.catalina.core.StandardContext.reload Reloading Context with name [/MaterialGatePassSystem] has started
15-Jun-2026 21:59:27.594 INFO [http-nio-8080-exec-12] org.apache.jasper.servlet.TldScanner.scanJars At least one JAR was scanned for TLDs yet contained no TLDs. Enable debug logging for this logger for a complete list of JARs that were scanned but no TLDs were found in them. Skipping unneeded JARs during scanning can improve startup time and JSP compilation time.
15-Jun-2026 21:59:27.598 INFO [http-nio-8080-exec-12] org.apache.catalina.core.StandardContext.reload Reloading Context with name [/MaterialGatePassSystem] is completed
15-Jun-2026 22:00:03.481 INFO [http-nio-8080-exec-14] org.apache.catalina.core.StandardContext.reload Reloading Context with name [/MaterialGatePassSystem] has started
15-Jun-2026 22:00:03.668 INFO [http-nio-8080-exec-14] org.apache.jasper.servlet.TldScanner.scanJars At least one JAR was scanned for TLDs yet contained no TLDs. Enable debug logging for this logger for a complete list of JARs that were scanned but no TLDs were found in them. Skipping unneeded JARs during scanning can improve startup time and JSP compilation time.
15-Jun-2026 22:00:03.668 INFO [http-nio-8080-exec-14] org.apache.catalina.core.StandardContext.reload Reloading Context with name [/MaterialGatePassSystem] is completed
15-Jun-2026 22:00:34.989 INFO [http-nio-8080-exec-15] org.apache.catalina.core.StandardContext.reload Reloading Context with name [/MaterialGatePassSystem] has started
15-Jun-2026 22:00:35.213 INFO [http-nio-8080-exec-15] org.apache.jasper.servlet.TldScanner.scanJars At least one JAR was scanned for TLDs yet contained no TLDs. Enable debug logging for this logger for a complete list of JARs that were scanned but no TLDs were found in them. Skipping unneeded JARs during scanning can improve startup time and JSP compilation time.
15-Jun-2026 22:00:35.216 INFO [http-nio-8080-exec-15] org.apache.catalina.core.StandardContext.reload Reloading Context with name [/MaterialGatePassSystem] is completed
15-Jun-2026 22:00:35.546 INFO [http-nio-8080-exec-23] org.apache.catalina.core.StandardContext.reload Reloading Context with name [/MaterialGatePassSystem] has started
15-Jun-2026 22:00:35.753 INFO [http-nio-8080-exec-23] org.apache.jasper.servlet.TldScanner.scanJars At least one JAR was scanned for TLDs yet contained no TLDs. Enable debug logging for this logger for a complete list of JARs that were scanned but no TLDs were found in them. Skipping unneeded JARs during scanning can improve startup time and JSP compilation time.
15-Jun-2026 22:00:35.759 INFO [http-nio-8080-exec-23] org.apache.catalina.core.StandardContext.reload Reloading Context with name [/MaterialGatePassSystem] is completed
15-Jun-2026 22:00:51.423 INFO [http-nio-8080-exec-14] org.apache.catalina.core.StandardContext.reload Reloading Context with name [/MaterialGatePassSystem] has started
15-Jun-2026 22:00:51.614 INFO [http-nio-8080-exec-14] org.apache.jasper.servlet.TldScanner.scanJars At least one JAR was scanned for TLDs yet contained no TLDs. Enable debug logging for this logger for a complete list of JARs that were scanned but no TLDs were found in them. Skipping unneeded JARs during scanning can improve startup time and JSP compilation time.
15-Jun-2026 22:00:51.618 INFO [http-nio-8080-exec-14] org.apache.catalina.core.StandardContext.reload Reloading Context with name [/MaterialGatePassSystem] is completed
15-Jun-2026 22:05:42.888 INFO [http-nio-8080-exec-29] org.apache.jasper.servlet.TldScanner.scanJars At least one JAR was scanned for TLDs yet contained no TLDs. Enable debug logging for this logger for a complete list of JARs that were scanned but no TLDs were found in them. Skipping unneeded JARs during scanning can improve startup time and JSP compilation time.
15-Jun-2026 22:05:43.424 INFO [http-nio-8080-exec-29] org.apache.jasper.servlet.TldScanner.scanJars At least one JAR was scanned for TLDs yet contained no TLDs. Enable debug logging for this logger for a complete list of JARs that were scanned but no TLDs were found in them. Skipping unneeded JARs during scanning can improve startup time and JSP compilation time.
15-Jun-2026 22:05:44.867 INFO [Catalina-utility-2] org.apache.catalina.startup.HostConfig.reload Reloading context [/MaterialGatePassSystem]
15-Jun-2026 22:05:44.867 INFO [Catalina-utility-2] org.apache.catalina.core.StandardContext.reload Reloading Context with name [/MaterialGatePassSystem] has started
15-Jun-2026 22:05:45.064 INFO [Catalina-utility-2] org.apache.jasper.servlet.TldScanner.scanJars At least one JAR was scanned for TLDs yet contained no TLDs. Enable debug logging for this logger for a complete list of JARs that were scanned but no TLDs were found in them. Skipping unneeded JARs during scanning can improve startup time and JSP compilation time.
15-Jun-2026 22:05:45.068 INFO [Catalina-utility-2] org.apache.catalina.core.StandardContext.reload Reloading Context with name [/MaterialGatePassSystem] is completed
15-Jun-2026 22:06:19.682 WARNING [http-nio-8080-exec-36] org.apache.tomcat.util.descriptor.web.WebXml.setVersion Unknown version string [6.0]. Default version will be used.
15-Jun-2026 22:06:19.892 INFO [http-nio-8080-exec-36] org.apache.jasper.servlet.TldScanner.scanJars At least one JAR was scanned for TLDs yet contained no TLDs. Enable debug logging for this logger for a complete list of JARs that were scanned but no TLDs were found in them. Skipping unneeded JARs during scanning can improve startup time and JSP compilation time.
15-Jun-2026 22:06:25.108 INFO [Catalina-utility-2] org.apache.catalina.startup.HostConfig.reload Reloading context [/MaterialGatePassSystem]
15-Jun-2026 22:06:25.108 INFO [Catalina-utility-2] org.apache.catalina.core.StandardContext.reload Reloading Context with name [/MaterialGatePassSystem] has started
15-Jun-2026 22:06:25.121 WARNING [Catalina-utility-2] org.apache.tomcat.util.descriptor.web.WebXml.setVersion Unknown version string [6.0]. Default version will be used.
15-Jun-2026 22:06:25.282 INFO [Catalina-utility-2] org.apache.jasper.servlet.TldScanner.scanJars At least one JAR was scanned for TLDs yet contained no TLDs. Enable debug logging for this logger for a complete list of JARs that were scanned but no TLDs were found in them. Skipping unneeded JARs during scanning can improve startup time and JSP compilation time.
15-Jun-2026 22:06:25.282 INFO [Catalina-utility-2] org.apache.catalina.core.StandardContext.reload Reloading Context with name [/MaterialGatePassSystem] is completed
15-Jun-2026 22:06:29.178 INFO [http-nio-8080-exec-34] org.apache.catalina.startup.HostConfig.undeploy Undeploying context [/MaterialGatePassSystem]
15-Jun-2026 22:06:32.647 INFO [http-nio-8080-exec-30] org.apache.catalina.startup.HostConfig.deployDescriptor Deploying deployment descriptor [C:\Users\rosha\Downloads\apache-tomcat-9.0.118-windows-x64\apache-tomcat-9.0.118\conf\Catalina\localhost\MaterialGatePassSystem.xml]
15-Jun-2026 22:06:32.647 WARNING [http-nio-8080-exec-30] org.apache.catalina.startup.HostConfig.deployDescriptor The path attribute with value [/MaterialGatePassSystem] in deployment descriptor [C:\Users\rosha\Downloads\apache-tomcat-9.0.118-windows-x64\apache-tomcat-9.0.118\conf\Catalina\localhost\MaterialGatePassSystem.xml] has been ignored
15-Jun-2026 22:06:32.661 WARNING [http-nio-8080-exec-30] org.apache.tomcat.util.descriptor.web.WebXml.setVersion Unknown version string [6.0]. Default version will be used.
15-Jun-2026 22:06:32.828 INFO [http-nio-8080-exec-30] org.apache.jasper.servlet.TldScanner.scanJars At least one JAR was scanned for TLDs yet contained no TLDs. Enable debug logging for this logger for a complete list of JARs that were scanned but no TLDs were found in them. Skipping unneeded JARs during scanning can improve startup time and JSP compilation time.
15-Jun-2026 22:06:32.830 INFO [http-nio-8080-exec-30] org.apache.catalina.startup.HostConfig.deployDescriptor Deployment of deployment descriptor [C:\Users\rosha\Downloads\apache-tomcat-9.0.118-windows-x64\apache-tomcat-9.0.118\conf\Catalina\localhost\MaterialGatePassSystem.xml] has finished in [183] ms
15-Jun-2026 22:06:32.833 INFO [http-nio-8080-exec-34] org.apache.catalina.util.LifecycleBase.start The start() method was called on component [StandardEngine[Catalina].StandardHost[localhost].StandardContext[/MaterialGatePassSystem]] after start() had already been called. The second call will be ignored.
15-Jun-2026 23:02:28.045 INFO [http-nio-8080-exec-46] org.apache.catalina.startup.HostConfig.undeploy Undeploying context [/MaterialGatePassSystem]
15-Jun-2026 23:02:30.723 INFO [http-nio-8080-exec-43] org.apache.catalina.startup.HostConfig.deployDescriptor Deploying deployment descriptor [C:\Users\rosha\Downloads\apache-tomcat-9.0.118-windows-x64\apache-tomcat-9.0.118\conf\Catalina\localhost\MaterialGatePassSystem.xml]
15-Jun-2026 23:02:30.728 WARNING [http-nio-8080-exec-43] org.apache.catalina.startup.HostConfig.deployDescriptor The path attribute with value [/MaterialGatePassSystem] in deployment descriptor [C:\Users\rosha\Downloads\apache-tomcat-9.0.118-windows-x64\apache-tomcat-9.0.118\conf\Catalina\localhost\MaterialGatePassSystem.xml] has been ignored
15-Jun-2026 23:02:30.756 WARNING [http-nio-8080-exec-43] org.apache.tomcat.util.descriptor.web.WebXml.setVersion Unknown version string [6.0]. Default version will be used.
15-Jun-2026 23:02:30.999 INFO [http-nio-8080-exec-43] org.apache.jasper.servlet.TldScanner.scanJars At least one JAR was scanned for TLDs yet contained no TLDs. Enable debug logging for this logger for a complete list of JARs that were scanned but no TLDs were found in them. Skipping unneeded JARs during scanning can improve startup time and JSP compilation time.
15-Jun-2026 23:02:31.004 INFO [http-nio-8080-exec-43] org.apache.catalina.startup.HostConfig.deployDescriptor Deployment of deployment descriptor [C:\Users\rosha\Downloads\apache-tomcat-9.0.118-windows-x64\apache-tomcat-9.0.118\conf\Catalina\localhost\MaterialGatePassSystem.xml] has finished in [280] ms
15-Jun-2026 23:02:31.006 INFO [http-nio-8080-exec-49] org.apache.catalina.util.LifecycleBase.start The start() method was called on component [StandardEngine[Catalina].StandardHost[localhost].StandardContext[/MaterialGatePassSystem]] after start() had already been called. The second call will be ignored.
15-Jun-2026 23:07:17.398 INFO [http-nio-8080-exec-48] org.apache.catalina.core.StandardContext.reload Reloading Context with name [/MaterialGatePassSystem] has started
15-Jun-2026 23:07:17.422 WARNING [http-nio-8080-exec-48] org.apache.tomcat.util.descriptor.web.WebXml.setVersion Unknown version string [6.0]. Default version will be used.
15-Jun-2026 23:07:17.720 INFO [http-nio-8080-exec-48] org.apache.jasper.servlet.TldScanner.scanJars At least one JAR was scanned for TLDs yet contained no TLDs. Enable debug logging for this logger for a complete list of JARs that were scanned but no TLDs were found in them. Skipping unneeded JARs during scanning can improve startup time and JSP compilation time.
15-Jun-2026 23:07:17.725 INFO [http-nio-8080-exec-48] org.apache.catalina.core.StandardContext.reload Reloading Context with name [/MaterialGatePassSystem] is completed
15-Jun-2026 23:07:17.805 INFO [http-nio-8080-exec-57] org.apache.catalina.core.StandardContext.reload Reloading Context with name [/MaterialGatePassSystem] has started
15-Jun-2026 23:07:17.825 WARNING [http-nio-8080-exec-57] org.apache.tomcat.util.descriptor.web.WebXml.setVersion Unknown version string [6.0]. Default version will be used.
15-Jun-2026 23:07:18.014 INFO [http-nio-8080-exec-57] org.apache.jasper.servlet.TldScanner.scanJars At least one JAR was scanned for TLDs yet contained no TLDs. Enable debug logging for this logger for a complete list of JARs that were scanned but no TLDs were found in them. Skipping unneeded JARs during scanning can improve startup time and JSP compilation time.
15-Jun-2026 23:07:18.018 INFO [http-nio-8080-exec-57] org.apache.catalina.core.StandardContext.reload Reloading Context with name [/MaterialGatePassSystem] is completed
15-Jun-2026 23:07:28.028 INFO [http-nio-8080-exec-54] org.apache.catalina.startup.HostConfig.undeploy Undeploying context [/MaterialGatePassSystem]
15-Jun-2026 23:07:32.151 INFO [http-nio-8080-exec-57] org.apache.catalina.startup.HostConfig.deployDescriptor Deploying deployment descriptor [C:\Users\rosha\Downloads\apache-tomcat-9.0.118-windows-x64\apache-tomcat-9.0.118\conf\Catalina\localhost\MaterialGatePassSystem.xml]
15-Jun-2026 23:07:32.151 WARNING [http-nio-8080-exec-57] org.apache.catalina.startup.HostConfig.deployDescriptor The path attribute with value [/MaterialGatePassSystem] in deployment descriptor [C:\Users\rosha\Downloads\apache-tomcat-9.0.118-windows-x64\apache-tomcat-9.0.118\conf\Catalina\localhost\MaterialGatePassSystem.xml] has been ignored
15-Jun-2026 23:07:32.158 WARNING [http-nio-8080-exec-57] org.apache.tomcat.util.descriptor.web.WebXml.setVersion Unknown version string [6.0]. Default version will be used.
15-Jun-2026 23:07:32.593 WARNING [http-nio-8080-exec-57] org.apache.catalina.webresources.Cache.getResource Unable to add the resource at [/WEB-INF/classes/apache-tomcat-9.0.118/webapps/examples/WEB-INF/lib/taglibs-standard-impl-1.2.5.jar] to the cache for web application [/MaterialGatePassSystem] because there was insufficient free space available after evicting expired cache entries - consider increasing the maximum size of the cache
15-Jun-2026 23:07:32.597 WARNING [http-nio-8080-exec-57] org.apache.catalina.webresources.Cache.getResource Unable to add the resource at [/WEB-INF/classes/apache-tomcat-9.0.118/webapps/examples/websocket/chat.xhtml] to the cache for web application [/MaterialGatePassSystem] because there was insufficient free space available after evicting expired cache entries - consider increasing the maximum size of the cache
15-Jun-2026 23:07:32.599 WARNING [http-nio-8080-exec-57] org.apache.catalina.webresources.Cache.getResource Unable to add the resource at [/WEB-INF/classes/apache-tomcat-9.0.118/webapps/examples/websocket/drawboard.xhtml] to the cache for web application [/MaterialGatePassSystem] because there was insufficient free space available after evicting expired cache entries - consider increasing the maximum size of the cache
15-Jun-2026 23:07:32.599 WARNING [http-nio-8080-exec-57] org.apache.catalina.webresources.Cache.getResource Unable to add the resource at [/WEB-INF/classes/apache-tomcat-9.0.118/webapps/examples/websocket/echo.xhtml] to the cache for web application [/MaterialGatePassSystem] because there was insufficient free space available after evicting expired cache entries - consider increasing the maximum size of the cache
15-Jun-2026 23:07:32.600 WARNING [http-nio-8080-exec-57] org.apache.catalina.webresources.Cache.getResource Unable to add the resource at [/WEB-INF/classes/apache-tomcat-9.0.118/webapps/examples/websocket/snake.xhtml] to the cache for web application [/MaterialGatePassSystem] because there was insufficient free space available after evicting expired cache entries - consider increasing the maximum size of the cache
15-Jun-2026 23:07:32.602 WARNING [http-nio-8080-exec-57] org.apache.catalina.webresources.Cache.getResource Unable to add the resource at [/WEB-INF/classes/apache-tomcat-9.0.118/webapps/host-manager/index.jsp] to the cache for web application [/MaterialGatePassSystem] because there was insufficient free space available after evicting expired cache entries - consider increasing the maximum size of the cache
15-Jun-2026 23:07:32.603 WARNING [http-nio-8080-exec-57] org.apache.catalina.webresources.Cache.getResource Unable to add the resource at [/WEB-INF/classes/apache-tomcat-9.0.118/webapps/host-manager/META-INF] to the cache for web application [/MaterialGatePassSystem] because there was insufficient free space available after evicting expired cache entries - consider increasing the maximum size of the cache
15-Jun-2026 23:07:32.603 WARNING [http-nio-8080-exec-57] org.apache.catalina.webresources.Cache.getResource Unable to add the resource at [/WEB-INF/classes/apache-tomcat-9.0.118/webapps/host-manager/WEB-INF] to the cache for web application [/MaterialGatePassSystem] because there was insufficient free space available after evicting expired cache entries - consider increasing the maximum size of the cache
15-Jun-2026 23:07:32.604 WARNING [http-nio-8080-exec-57] org.apache.catalina.webresources.Cache.getResource Unable to add the resource at [/WEB-INF/classes/apache-tomcat-9.0.118/webapps/host-manager/css/manager.css] to the cache for web application [/MaterialGatePassSystem] because there was insufficient free space available after evicting expired cache entries - consider increasing the maximum size of the cache
15-Jun-2026 23:07:32.606 WARNING [http-nio-8080-exec-57] org.apache.catalina.webresources.Cache.getResource Unable to add the resource at [/WEB-INF/classes/apache-tomcat-9.0.118/webapps/host-manager/images/asf-logo.svg] to the cache for web application [/MaterialGatePassSystem] because there was insufficient free space available after evicting expired cache entries - consider increasing the maximum size of the cache
15-Jun-2026 23:07:32.644 WARNING [http-nio-8080-exec-57] org.apache.catalina.webresources.Cache.getResource Unable to add the resource at [/WEB-INF/classes/apache-tomcat-9.0.118/webapps/host-manager/images/favicon.ico] to the cache for web application [/MaterialGatePassSystem] because there was insufficient free space available after evicting expired cache entries - consider increasing the maximum size of the cache
15-Jun-2026 23:07:32.645 WARNING [http-nio-8080-exec-57] org.apache.catalina.webresources.Cache.getResource Unable to add the resource at [/WEB-INF/classes/apache-tomcat-9.0.118/webapps/host-manager/images/tomcat.svg] to the cache for web application [/MaterialGatePassSystem] because there was insufficient free space available after evicting expired cache entries - consider increasing the maximum size of the cache
15-Jun-2026 23:07:32.645 WARNING [http-nio-8080-exec-57] org.apache.catalina.webresources.Cache.getResource Unable to add the resource at [/WEB-INF/classes/apache-tomcat-9.0.118/webapps/host-manager/META-INF/context.xml] to the cache for web application [/MaterialGatePassSystem] because there was insufficient free space available after evicting expired cache entries - consider increasing the maximum size of the cache
15-Jun-2026 23:07:32.645 WARNING [http-nio-8080-exec-57] org.apache.catalina.webresources.Cache.getResource Unable to add the resource at [/WEB-INF/classes/apache-tomcat-9.0.118/webapps/host-manager/WEB-INF/jsp] to the cache for web application [/MaterialGatePassSystem] because there was insufficient free space available after evicting expired cache entries - consider increasing the maximum size of the cache
15-Jun-2026 23:07:32.649 WARNING [http-nio-8080-exec-57] org.apache.catalina.webresources.Cache.getResource Unable to add the resource at [/WEB-INF/classes/apache-tomcat-9.0.118/webapps/host-manager/WEB-INF/manager.xml] to the cache for web application [/MaterialGatePassSystem] because there was insufficient free space available after evicting expired cache entries - consider increasing the maximum size of the cache
15-Jun-2026 23:07:32.649 WARNING [http-nio-8080-exec-57] org.apache.catalina.webresources.Cache.getResource Unable to add the resource at [/WEB-INF/classes/apache-tomcat-9.0.118/webapps/host-manager/WEB-INF/web.xml] to the cache for web application [/MaterialGatePassSystem] because there was insufficient free space available after evicting expired cache entries - consider increasing the maximum size of the cache
15-Jun-2026 23:07:32.650 WARNING [http-nio-8080-exec-57] org.apache.catalina.webresources.Cache.getResource Unable to add the resource at [/WEB-INF/classes/apache-tomcat-9.0.118/webapps/host-manager/WEB-INF/jsp/401.jsp] to the cache for web application [/MaterialGatePassSystem] because there was insufficient free space available after evicting expired cache entries - consider increasing the maximum size of the cache
15-Jun-2026 23:07:32.652 WARNING [http-nio-8080-exec-57] org.apache.catalina.webresources.Cache.getResource Unable to add the resource at [/WEB-INF/classes/apache-tomcat-9.0.118/webapps/host-manager/WEB-INF/jsp/403.jsp] to the cache for web application [/MaterialGatePassSystem] because there was insufficient free space available after evicting expired cache entries - consider increasing the maximum size of the cache
15-Jun-2026 23:07:32.653 WARNING [http-nio-8080-exec-57] org.apache.catalina.webresources.Cache.getResource Unable to add the resource at [/WEB-INF/classes/apache-tomcat-9.0.118/webapps/host-manager/WEB-INF/jsp/404.jsp] to the cache for web application [/MaterialGatePassSystem] because there was insufficient free space available after evicting expired cache entries - consider increasing the maximum size of the cache
15-Jun-2026 23:07:32.654 WARNING [http-nio-8080-exec-57] org.apache.catalina.webresources.Cache.getResource Unable to add the resource at [/WEB-INF/classes/apache-tomcat-9.0.118/webapps/manager/css] to the cache for web application [/MaterialGatePassSystem] because there was insufficient free space available after evicting expired cache entries - consider increasing the maximum size of the cache
15-Jun-2026 23:07:32.695 WARNING [http-nio-8080-exec-57] org.apache.catalina.webresources.Cache.getResource Unable to add the resource at [/WEB-INF/classes/apache-tomcat-9.0.118/webapps/manager/images] to the cache for web application [/MaterialGatePassSystem] because there was insufficient free space available after evicting expired cache entries - consider increasing the maximum size of the cache
15-Jun-2026 23:07:32.695 WARNING [http-nio-8080-exec-57] org.apache.catalina.webresources.Cache.getResource Unable to add the resource at [/WEB-INF/classes/apache-tomcat-9.0.118/webapps/manager/index.jsp] to the cache for web application [/MaterialGatePassSystem] because there was insufficient free space available after evicting expired cache entries - consider increasing the maximum size of the cache
15-Jun-2026 23:07:32.695 WARNING [http-nio-8080-exec-57] org.apache.catalina.webresources.Cache.getResource Unable to add the resource at [/WEB-INF/classes/apache-tomcat-9.0.118/webapps/manager/META-INF] to the cache for web application [/MaterialGatePassSystem] because there was insufficient free space available after evicting expired cache entries - consider increasing the maximum size of the cache
15-Jun-2026 23:07:32.695 WARNING [http-nio-8080-exec-57] org.apache.catalina.webresources.Cache.getResource Unable to add the resource at [/WEB-INF/classes/apache-tomcat-9.0.118/webapps/manager/status.xsd] to the cache for web application [/MaterialGatePassSystem] because there was insufficient free space available after evicting expired cache entries - consider increasing the maximum size of the cache
15-Jun-2026 23:07:32.698 WARNING [http-nio-8080-exec-57] org.apache.catalina.webresources.Cache.getResource Unable to add the resource at [/WEB-INF/classes/apache-tomcat-9.0.118/webapps/manager/WEB-INF] to the cache for web application [/MaterialGatePassSystem] because there was insufficient free space available after evicting expired cache entries - consider increasing the maximum size of the cache
15-Jun-2026 23:07:32.699 WARNING [http-nio-8080-exec-57] org.apache.catalina.webresources.Cache.getResource Unable to add the resource at [/WEB-INF/classes/apache-tomcat-9.0.118/webapps/manager/xform.xsl] to the cache for web application [/MaterialGatePassSystem] because there was insufficient free space available after evicting expired cache entries - consider increasing the maximum size of the cache
15-Jun-2026 23:07:32.700 WARNING [http-nio-8080-exec-57] org.apache.catalina.webresources.Cache.getResource Unable to add the resource at [/WEB-INF/classes/apache-tomcat-9.0.118/webapps/manager/css/manager.css] to the cache for web application [/MaterialGatePassSystem] because there was insufficient free space available after evicting expired cache entries - consider increasing the maximum size of the cache
15-Jun-2026 23:07:32.701 WARNING [http-nio-8080-exec-57] org.apache.catalina.webresources.Cache.getResource Unable to add the resource at [/WEB-INF/classes/apache-tomcat-9.0.118/webapps/manager/images/asf-logo.svg] to the cache for web application [/MaterialGatePassSystem] because there was insufficient free space available after evicting expired cache entries - consider increasing the maximum size of the cache
15-Jun-2026 23:07:32.702 WARNING [http-nio-8080-exec-57] org.apache.catalina.webresources.Cache.getResource Unable to add the resource at [/WEB-INF/classes/apache-tomcat-9.0.118/webapps/manager/images/favicon.ico] to the cache for web application [/MaterialGatePassSystem] because there was insufficient free space available after evicting expired cache entries - consider increasing the maximum size of the cache
15-Jun-2026 23:07:32.703 WARNING [http-nio-8080-exec-57] org.apache.catalina.webresources.Cache.getResource Unable to add the resource at [/WEB-INF/classes/apache-tomcat-9.0.118/webapps/manager/images/tomcat.svg] to the cache for web application [/MaterialGatePassSystem] because there was insufficient free space available after evicting expired cache entries - consider increasing the maximum size of the cache
15-Jun-2026 23:07:32.705 WARNING [http-nio-8080-exec-57] org.apache.catalina.webresources.Cache.getResource Unable to add the resource at [/WEB-INF/classes/apache-tomcat-9.0.118/webapps/manager/META-INF/context.xml] to the cache for web application [/MaterialGatePassSystem] because there was insufficient free space available after evicting expired cache entries - consider increasing the maximum size of the cache
15-Jun-2026 23:07:32.758 WARNING [http-nio-8080-exec-57] org.apache.catalina.webresources.Cache.getResource Unable to add the resource at [/WEB-INF/classes/apache-tomcat-9.0.118/webapps/manager/WEB-INF/jsp] to the cache for web application [/MaterialGatePassSystem] because there was insufficient free space available after evicting expired cache entries - consider increasing the maximum size of the cache
15-Jun-2026 23:07:32.760 WARNING [http-nio-8080-exec-57] org.apache.catalina.webresources.Cache.getResource Unable to add the resource at [/WEB-INF/classes/apache-tomcat-9.0.118/webapps/manager/WEB-INF/web.xml] to the cache for web application [/MaterialGatePassSystem] because there was insufficient free space available after evicting expired cache entries - consider increasing the maximum size of the cache
15-Jun-2026 23:07:32.762 WARNING [http-nio-8080-exec-57] org.apache.catalina.webresources.Cache.getResource Unable to add the resource at [/WEB-INF/classes/apache-tomcat-9.0.118/webapps/manager/WEB-INF/jsp/401.jsp] to the cache for web application [/MaterialGatePassSystem] because there was insufficient free space available after evicting expired cache entries - consider increasing the maximum size of the cache
15-Jun-2026 23:07:32.763 WARNING [http-nio-8080-exec-57] org.apache.catalina.webresources.Cache.getResource Unable to add the resource at [/WEB-INF/classes/apache-tomcat-9.0.118/webapps/manager/WEB-INF/jsp/403.jsp] to the cache for web application [/MaterialGatePassSystem] because there was insufficient free space available after evicting expired cache entries - consider increasing the maximum size of the cache
15-Jun-2026 23:07:32.764 WARNING [http-nio-8080-exec-57] org.apache.catalina.webresources.Cache.getResource Unable to add the resource at [/WEB-INF/classes/apache-tomcat-9.0.118/webapps/manager/WEB-INF/jsp/404.jsp] to the cache for web application [/MaterialGatePassSystem] because there was insufficient free space available after evicting expired cache entries - consider increasing the maximum size of the cache
15-Jun-2026 23:07:32.764 WARNING [http-nio-8080-exec-57] org.apache.catalina.webresources.Cache.getResource Unable to add the resource at [/WEB-INF/classes/apache-tomcat-9.0.118/webapps/manager/WEB-INF/jsp/connectorCerts.jsp] to the cache for web application [/MaterialGatePassSystem] because there was insufficient free space available after evicting expired cache entries - consider increasing the maximum size of the cache
15-Jun-2026 23:07:32.765 WARNING [http-nio-8080-exec-57] org.apache.catalina.webresources.Cache.getResource Unable to add the resource at [/WEB-INF/classes/apache-tomcat-9.0.118/webapps/manager/WEB-INF/jsp/connectorCiphers.jsp] to the cache for web application [/MaterialGatePassSystem] because there was insufficient free space available after evicting expired cache entries - consider increasing the maximum size of the cache
15-Jun-2026 23:07:32.765 WARNING [http-nio-8080-exec-57] org.apache.catalina.webresources.Cache.getResource Unable to add the resource at [/WEB-INF/classes/apache-tomcat-9.0.118/webapps/manager/WEB-INF/jsp/connectorTrustedCerts.jsp] to the cache for web application [/MaterialGatePassSystem] because there was insufficient free space available after evicting expired cache entries - consider increasing the maximum size of the cache
15-Jun-2026 23:07:32.766 WARNING [http-nio-8080-exec-57] org.apache.catalina.webresources.Cache.getResource Unable to add the resource at [/WEB-INF/classes/apache-tomcat-9.0.118/webapps/manager/WEB-INF/jsp/sessionDetail.jsp] to the cache for web application [/MaterialGatePassSystem] because there was insufficient free space available after evicting expired cache entries - consider increasing the maximum size of the cache
15-Jun-2026 23:07:32.767 WARNING [http-nio-8080-exec-57] org.apache.catalina.webresources.Cache.getResource Unable to add the resource at [/WEB-INF/classes/apache-tomcat-9.0.118/webapps/manager/WEB-INF/jsp/sessionsList.jsp] to the cache for web application [/MaterialGatePassSystem] because there was insufficient free space available after evicting expired cache entries - consider increasing the maximum size of the cache
15-Jun-2026 23:07:32.813 WARNING [http-nio-8080-exec-57] org.apache.catalina.webresources.Cache.getResource Unable to add the resource at [/WEB-INF/classes/apache-tomcat-9.0.118/webapps/ROOT/asf-logo-wide.svg] to the cache for web application [/MaterialGatePassSystem] because there was insufficient free space available after evicting expired cache entries - consider increasing the maximum size of the cache
15-Jun-2026 23:07:32.814 WARNING [http-nio-8080-exec-57] org.apache.catalina.webresources.Cache.getResource Unable to add the resource at [/WEB-INF/classes/apache-tomcat-9.0.118/webapps/ROOT/bg-button.png] to the cache for web application [/MaterialGatePassSystem] because there was insufficient free space available after evicting expired cache entries - consider increasing the maximum size of the cache
15-Jun-2026 23:07:32.815 WARNING [http-nio-8080-exec-57] org.apache.catalina.webresources.Cache.getResource Unable to add the resource at [/WEB-INF/classes/apache-tomcat-9.0.118/webapps/ROOT/bg-middle.png] to the cache for web application [/MaterialGatePassSystem] because there was insufficient free space available after evicting expired cache entries - consider increasing the maximum size of the cache
15-Jun-2026 23:07:32.815 WARNING [http-nio-8080-exec-57] org.apache.catalina.webresources.Cache.getResource Unable to add the resource at [/WEB-INF/classes/apache-tomcat-9.0.118/webapps/ROOT/bg-nav.png] to the cache for web application [/MaterialGatePassSystem] because there was insufficient free space available after evicting expired cache entries - consider increasing the maximum size of the cache
15-Jun-2026 23:07:32.815 WARNING [http-nio-8080-exec-57] org.apache.catalina.webresources.Cache.getResource Unable to add the resource at [/WEB-INF/classes/apache-tomcat-9.0.118/webapps/ROOT/bg-upper.png] to the cache for web application [/MaterialGatePassSystem] because there was insufficient free space available after evicting expired cache entries - consider increasing the maximum size of the cache
15-Jun-2026 23:07:32.815 WARNING [http-nio-8080-exec-57] org.apache.catalina.webresources.Cache.getResource Unable to add the resource at [/WEB-INF/classes/apache-tomcat-9.0.118/webapps/ROOT/favicon.ico] to the cache for web application [/MaterialGatePassSystem] because there was insufficient free space available after evicting expired cache entries - consider increasing the maximum size of the cache
15-Jun-2026 23:07:32.815 WARNING [http-nio-8080-exec-57] org.apache.catalina.webresources.Cache.getResource Unable to add the resource at [/WEB-INF/classes/apache-tomcat-9.0.118/webapps/ROOT/index.jsp] to the cache for web application [/MaterialGatePassSystem] because there was insufficient free space available after evicting expired cache entries - consider increasing the maximum size of the cache
15-Jun-2026 23:07:32.819 WARNING [http-nio-8080-exec-57] org.apache.catalina.webresources.Cache.getResource Unable to add the resource at [/WEB-INF/classes/apache-tomcat-9.0.118/webapps/ROOT/RELEASE-NOTES.txt] to the cache for web application [/MaterialGatePassSystem] because there was insufficient free space available after evicting expired cache entries - consider increasing the maximum size of the cache
15-Jun-2026 23:07:32.820 WARNING [http-nio-8080-exec-57] org.apache.catalina.webresources.Cache.getResource Unable to add the resource at [/WEB-INF/classes/apache-tomcat-9.0.118/webapps/ROOT/tomcat.css] to the cache for web application [/MaterialGatePassSystem] because there was insufficient free space available after evicting expired cache entries - consider increasing the maximum size of the cache
15-Jun-2026 23:07:32.821 WARNING [http-nio-8080-exec-57] org.apache.catalina.webresources.Cache.getResource Unable to add the resource at [/WEB-INF/classes/apache-tomcat-9.0.118/webapps/ROOT/tomcat.svg] to the cache for web application [/MaterialGatePassSystem] because there was insufficient free space available after evicting expired cache entries - consider increasing the maximum size of the cache
15-Jun-2026 23:07:32.821 WARNING [http-nio-8080-exec-57] org.apache.catalina.webresources.Cache.getResource Unable to add the resource at [/WEB-INF/classes/apache-tomcat-9.0.118/webapps/ROOT/WEB-INF] to the cache for web application [/MaterialGatePassSystem] because there was insufficient free space available after evicting expired cache entries - consider increasing the maximum size of the cache
15-Jun-2026 23:07:32.865 WARNING [http-nio-8080-exec-57] org.apache.catalina.webresources.Cache.getResource Unable to add the resource at [/WEB-INF/classes/apache-tomcat-9.0.118/webapps/ROOT/WEB-INF/web.xml] to the cache for web application [/MaterialGatePassSystem] because there was insufficient free space available after evicting expired cache entries - consider increasing the maximum size of the cache
15-Jun-2026 23:07:32.865 WARNING [http-nio-8080-exec-57] org.apache.catalina.webresources.Cache.getResource Unable to add the resource at [/WEB-INF/classes/apache-tomcat-9.0.118/work/Catalina] to the cache for web application [/MaterialGatePassSystem] because there was insufficient free space available after evicting expired cache entries - consider increasing the maximum size of the cache
15-Jun-2026 23:07:32.868 WARNING [http-nio-8080-exec-57] org.apache.catalina.webresources.Cache.getResource Unable to add the resource at [/WEB-INF/classes/apache-tomcat-9.0.118/work/Catalina/localhost] to the cache for web application [/MaterialGatePassSystem] because there was insufficient free space available after evicting expired cache entries - consider increasing the maximum size of the cache
15-Jun-2026 23:07:32.869 WARNING [http-nio-8080-exec-57] org.apache.catalina.webresources.Cache.getResource Unable to add the resource at [/WEB-INF/classes/apache-tomcat-9.0.118/work/Catalina/localhost/docs] to the cache for web application [/MaterialGatePassSystem] because there was insufficient free space available after evicting expired cache entries - consider increasing the maximum size of the cache
15-Jun-2026 23:07:32.871 WARNING [http-nio-8080-exec-57] org.apache.catalina.webresources.Cache.getResource Unable to add the resource at [/WEB-INF/classes/apache-tomcat-9.0.118/work/Catalina/localhost/examples] to the cache for web application [/MaterialGatePassSystem] because there was insufficient free space available after evicting expired cache entries - consider increasing the maximum size of the cache
15-Jun-2026 23:07:32.871 WARNING [http-nio-8080-exec-57] org.apache.catalina.webresources.Cache.getResource Unable to add the resource at [/WEB-INF/classes/apache-tomcat-9.0.118/work/Catalina/localhost/Gatepassweb] to the cache for web application [/MaterialGatePassSystem] because there was insufficient free space available after evicting expired cache entries - consider increasing the maximum size of the cache
15-Jun-2026 23:07:32.872 WARNING [http-nio-8080-exec-57] org.apache.catalina.webresources.Cache.getResource Unable to add the resource at [/WEB-INF/classes/apache-tomcat-9.0.118/work/Catalina/localhost/host-manager] to the cache for web application [/MaterialGatePassSystem] because there was insufficient free space available after evicting expired cache entries - consider increasing the maximum size of the cache
15-Jun-2026 23:07:32.872 WARNING [http-nio-8080-exec-57] org.apache.catalina.webresources.Cache.getResource Unable to add the resource at [/WEB-INF/classes/apache-tomcat-9.0.118/work/Catalina/localhost/manager] to the cache for web application [/MaterialGatePassSystem] because there was insufficient free space available after evicting expired cache entries - consider increasing the maximum size of the cache
15-Jun-2026 23:07:32.873 WARNING [http-nio-8080-exec-57] org.apache.catalina.webresources.Cache.getResource Unable to add the resource at [/WEB-INF/classes/apache-tomcat-9.0.118/work/Catalina/localhost/ROOT] to the cache for web application [/MaterialGatePassSystem] because there was insufficient free space available after evicting expired cache entries - consider increasing the maximum size of the cache
15-Jun-2026 23:07:32.877 WARNING [http-nio-8080-exec-57] org.apache.catalina.webresources.Cache.getResource Unable to add the resource at [/WEB-INF/classes/com/mgps] to the cache for web application [/MaterialGatePassSystem] because there was insufficient free space available after evicting expired cache entries - consider increasing the maximum size of the cache
15-Jun-2026 23:07:32.879 WARNING [http-nio-8080-exec-57] org.apache.catalina.webresources.Cache.getResource Unable to add the resource at [/WEB-INF/classes/com/mgps/servlet] to the cache for web application [/MaterialGatePassSystem] because there was insufficient free space available after evicting expired cache entries - consider increasing the maximum size of the cache
15-Jun-2026 23:07:32.916 WARNING [http-nio-8080-exec-57] org.apache.catalina.webresources.Cache.getResource Unable to add the resource at [/WEB-INF/classes/com/mgps/util] to the cache for web application [/MaterialGatePassSystem] because there was insufficient free space available after evicting expired cache entries - consider increasing the maximum size of the cache
15-Jun-2026 23:07:33.071 WARNING [http-nio-8080-exec-57] org.apache.catalina.webresources.Cache.getResource Unable to add the resource at [/WEB-INF/classes/] to the cache for web application [/MaterialGatePassSystem] because there was insufficient free space available after evicting expired cache entries - consider increasing the maximum size of the cache
15-Jun-2026 23:07:33.073 WARNING [http-nio-8080-exec-57] org.apache.catalina.webresources.Cache.getResource Unable to add the resource at [/WEB-INF/classes/] to the cache for web application [/MaterialGatePassSystem] because there was insufficient free space available after evicting expired cache entries - consider increasing the maximum size of the cache
15-Jun-2026 23:07:33.074 WARNING [http-nio-8080-exec-57] org.apache.catalina.webresources.Cache.getResource Unable to add the resource at [/WEB-INF/classes/] to the cache for web application [/MaterialGatePassSystem] because there was insufficient free space available after evicting expired cache entries - consider increasing the maximum size of the cache
15-Jun-2026 23:07:33.076 WARNING [http-nio-8080-exec-57] org.apache.catalina.webresources.Cache.getResource Unable to add the resource at [/WEB-INF/classes/] to the cache for web application [/MaterialGatePassSystem] because there was insufficient free space available after evicting expired cache entries - consider increasing the maximum size of the cache
15-Jun-2026 23:07:33.076 WARNING [http-nio-8080-exec-57] org.apache.catalina.webresources.Cache.getResource Unable to add the resource at [/WEB-INF/classes/] to the cache for web application [/MaterialGatePassSystem] because there was insufficient free space available after evicting expired cache entries - consider increasing the maximum size of the cache
15-Jun-2026 23:07:33.076 WARNING [http-nio-8080-exec-57] org.apache.catalina.webresources.Cache.getResource Unable to add the resource at [/WEB-INF/classes/] to the cache for web application [/MaterialGatePassSystem] because there was insufficient free space available after evicting expired cache entries - consider increasing the maximum size of the cache
15-Jun-2026 23:07:33.083 INFO [http-nio-8080-exec-57] org.apache.jasper.servlet.TldScanner.scanJars At least one JAR was scanned for TLDs yet contained no TLDs. Enable debug logging for this logger for a complete list of JARs that were scanned but no TLDs were found in them. Skipping unneeded JARs during scanning can improve startup time and JSP compilation time.
15-Jun-2026 23:07:33.083 WARNING [http-nio-8080-exec-57] org.apache.catalina.webresources.Cache.getResource Unable to add the resource at [/] to the cache for web application [/MaterialGatePassSystem] because there was insufficient free space available after evicting expired cache entries - consider increasing the maximum size of the cache
15-Jun-2026 23:07:33.083 INFO [http-nio-8080-exec-57] org.apache.catalina.startup.HostConfig.deployDescriptor Deployment of deployment descriptor [C:\Users\rosha\Downloads\apache-tomcat-9.0.118-windows-x64\apache-tomcat-9.0.118\conf\Catalina\localhost\MaterialGatePassSystem.xml] has finished in [933] ms
15-Jun-2026 23:07:33.089 INFO [http-nio-8080-exec-49] org.apache.catalina.util.LifecycleBase.start The start() method was called on component [StandardEngine[Catalina].StandardHost[localhost].StandardContext[/MaterialGatePassSystem]] after start() had already been called. The second call will be ignored.
15-Jun-2026 23:07:41.398 INFO [http-nio-8080-exec-56] org.apache.catalina.core.StandardContext.reload Reloading Context with name [/MaterialGatePassSystem] has started
15-Jun-2026 23:07:41.424 WARNING [http-nio-8080-exec-56] org.apache.tomcat.util.descriptor.web.WebXml.setVersion Unknown version string [6.0]. Default version will be used.
15-Jun-2026 23:07:42.148 WARNING [http-nio-8080-exec-56] org.apache.catalina.webresources.Cache.getResource Unable to add the resource at [/WEB-INF/classes/apache-tomcat-9.0.118/webapps/examples/WEB-INF/lib/taglibs-standard-impl-1.2.5.jar] to the cache for web application [/MaterialGatePassSystem] because there was insufficient free space available after evicting expired cache entries - consider increasing the maximum size of the cache
15-Jun-2026 23:07:42.156 WARNING [http-nio-8080-exec-56] org.apache.catalina.webresources.Cache.getResource Unable to add the resource at [/WEB-INF/classes/apache-tomcat-9.0.118/webapps/examples/websocket/chat.xhtml] to the cache for web application [/MaterialGatePassSystem] because there was insufficient free space available after evicting expired cache entries - consider increasing the maximum size of the cache
15-Jun-2026 23:07:42.157 WARNING [http-nio-8080-exec-56] org.apache.catalina.webresources.Cache.getResource Unable to add the resource at [/WEB-INF/classes/apache-tomcat-9.0.118/webapps/examples/websocket/drawboard.xhtml] to the cache for web application [/MaterialGatePassSystem] because there was insufficient free space available after evicting expired cache entries - consider increasing the maximum size of the cache
15-Jun-2026 23:07:42.159 WARNING [http-nio-8080-exec-56] org.apache.catalina.webresources.Cache.getResource Unable to add the resource at [/WEB-INF/classes/apache-tomcat-9.0.118/webapps/examples/websocket/echo.xhtml] to the cache for web application [/MaterialGatePassSystem] because there was insufficient free space available after evicting expired cache entries - consider increasing the maximum size of the cache
15-Jun-2026 23:07:42.160 WARNING [http-nio-8080-exec-56] org.apache.catalina.webresources.Cache.getResource Unable to add the resource at [/WEB-INF/classes/apache-tomcat-9.0.118/webapps/examples/websocket/snake.xhtml] to the cache for web application [/MaterialGatePassSystem] because there was insufficient free space available after evicting expired cache entries - consider increasing the maximum size of the cache
15-Jun-2026 23:07:42.165 WARNING [http-nio-8080-exec-56] org.apache.catalina.webresources.Cache.getResource Unable to add the resource at [/WEB-INF/classes/apache-tomcat-9.0.118/webapps/host-manager/index.jsp] to the cache for web application [/MaterialGatePassSystem] because there was insufficient free space available after evicting expired cache entries - consider increasing the maximum size of the cache
15-Jun-2026 23:07:42.166 WARNING [http-nio-8080-exec-56] org.apache.catalina.webresources.Cache.getResource Unable to add the resource at [/WEB-INF/classes/apache-tomcat-9.0.118/webapps/host-manager/META-INF] to the cache for web application [/MaterialGatePassSystem] because there was insufficient free space available after evicting expired cache entries - consider increasing the maximum size of the cache
15-Jun-2026 23:07:42.167 WARNING [http-nio-8080-exec-56] org.apache.catalina.webresources.Cache.getResource Unable to add the resource at [/WEB-INF/classes/apache-tomcat-9.0.118/webapps/host-manager/WEB-INF] to the cache for web application [/MaterialGatePassSystem] because there was insufficient free space available after evicting expired cache entries - consider increasing the maximum size of the cache
15-Jun-2026 23:07:42.169 WARNING [http-nio-8080-exec-56] org.apache.catalina.webresources.Cache.getResource Unable to add the resource at [/WEB-INF/classes/apache-tomcat-9.0.118/webapps/host-manager/css/manager.css] to the cache for web application [/MaterialGatePassSystem] because there was insufficient free space available after evicting expired cache entries - consider increasing the maximum size of the cache
15-Jun-2026 23:07:42.170 WARNING [http-nio-8080-exec-56] org.apache.catalina.webresources.Cache.getResource Unable to add the resource at [/WEB-INF/classes/apache-tomcat-9.0.118/webapps/host-manager/images/asf-logo.svg] to the cache for web application [/MaterialGatePassSystem] because there was insufficient free space available after evicting expired cache entries - consider increasing the maximum size of the cache
15-Jun-2026 23:07:42.195 WARNING [http-nio-8080-exec-56] org.apache.catalina.webresources.Cache.getResource Unable to add the resource at [/WEB-INF/classes/apache-tomcat-9.0.118/webapps/host-manager/images/favicon.ico] to the cache for web application [/MaterialGatePassSystem] because there was insufficient free space available after evicting expired cache entries - consider increasing the maximum size of the cache
15-Jun-2026 23:07:42.196 WARNING [http-nio-8080-exec-56] org.apache.catalina.webresources.Cache.getResource Unable to add the resource at [/WEB-INF/classes/apache-tomcat-9.0.118/webapps/host-manager/images/tomcat.svg] to the cache for web application [/MaterialGatePassSystem] because there was insufficient free space available after evicting expired cache entries - consider increasing the maximum size of the cache
15-Jun-2026 23:07:42.198 WARNING [http-nio-8080-exec-56] org.apache.catalina.webresources.Cache.getResource Unable to add the resource at [/WEB-INF/classes/apache-tomcat-9.0.118/webapps/host-manager/META-INF/context.xml] to the cache for web application [/MaterialGatePassSystem] because there was insufficient free space available after evicting expired cache entries - consider increasing the maximum size of the cache
15-Jun-2026 23:07:42.200 WARNING [http-nio-8080-exec-56] org.apache.catalina.webresources.Cache.getResource Unable to add the resource at [/WEB-INF/classes/apache-tomcat-9.0.118/webapps/host-manager/WEB-INF/jsp] to the cache for web application [/MaterialGatePassSystem] because there was insufficient free space available after evicting expired cache entries - consider increasing the maximum size of the cache
15-Jun-2026 23:07:42.202 WARNING [http-nio-8080-exec-56] org.apache.catalina.webresources.Cache.getResource Unable to add the resource at [/WEB-INF/classes/apache-tomcat-9.0.118/webapps/host-manager/WEB-INF/manager.xml] to the cache for web application [/MaterialGatePassSystem] because there was insufficient free space available after evicting expired cache entries - consider increasing the maximum size of the cache
15-Jun-2026 23:07:42.203 WARNING [http-nio-8080-exec-56] org.apache.catalina.webresources.Cache.getResource Unable to add the resource at [/WEB-INF/classes/apache-tomcat-9.0.118/webapps/host-manager/WEB-INF/web.xml] to the cache for web application [/MaterialGatePassSystem] because there was insufficient free space available after evicting expired cache entries - consider increasing the maximum size of the cache
15-Jun-2026 23:07:42.205 WARNING [http-nio-8080-exec-56] org.apache.catalina.webresources.Cache.getResource Unable to add the resource at [/WEB-INF/classes/apache-tomcat-9.0.118/webapps/host-manager/WEB-INF/jsp/401.jsp] to the cache for web application [/MaterialGatePassSystem] because there was insufficient free space available after evicting expired cache entries - consider increasing the maximum size of the cache
15-Jun-2026 23:07:42.206 WARNING [http-nio-8080-exec-56] org.apache.catalina.webresources.Cache.getResource Unable to add the resource at [/WEB-INF/classes/apache-tomcat-9.0.118/webapps/host-manager/WEB-INF/jsp/403.jsp] to the cache for web application [/MaterialGatePassSystem] because there was insufficient free space available after evicting expired cache entries - consider increasing the maximum size of the cache
15-Jun-2026 23:07:42.207 WARNING [http-nio-8080-exec-56] org.apache.catalina.webresources.Cache.getResource Unable to add the resource at [/WEB-INF/classes/apache-tomcat-9.0.118/webapps/host-manager/WEB-INF/jsp/404.jsp] to the cache for web application [/MaterialGatePassSystem] because there was insufficient free space available after evicting expired cache entries - consider increasing the maximum size of the cache
15-Jun-2026 23:07:42.210 WARNING [http-nio-8080-exec-56] org.apache.catalina.webresources.Cache.getResource Unable to add the resource at [/WEB-INF/classes/apache-tomcat-9.0.118/webapps/manager/css] to the cache for web application [/MaterialGatePassSystem] because there was insufficient free space available after evicting expired cache entries - consider increasing the maximum size of the cache
15-Jun-2026 23:07:42.259 WARNING [http-nio-8080-exec-56] org.apache.catalina.webresources.Cache.getResource Unable to add the resource at [/WEB-INF/classes/apache-tomcat-9.0.118/webapps/manager/images] to the cache for web application [/MaterialGatePassSystem] because there was insufficient free space available after evicting expired cache entries - consider increasing the maximum size of the cache
15-Jun-2026 23:07:42.261 WARNING [http-nio-8080-exec-56] org.apache.catalina.webresources.Cache.getResource Unable to add the resource at [/WEB-INF/classes/apache-tomcat-9.0.118/webapps/manager/index.jsp] to the cache for web application [/MaterialGatePassSystem] because there was insufficient free space available after evicting expired cache entries - consider increasing the maximum size of the cache
15-Jun-2026 23:07:42.263 WARNING [http-nio-8080-exec-56] org.apache.catalina.webresources.Cache.getResource Unable to add the resource at [/WEB-INF/classes/apache-tomcat-9.0.118/webapps/manager/META-INF] to the cache for web application [/MaterialGatePassSystem] because there was insufficient free space available after evicting expired cache entries - consider increasing the maximum size of the cache
15-Jun-2026 23:07:42.264 WARNING [http-nio-8080-exec-56] org.apache.catalina.webresources.Cache.getResource Unable to add the resource at [/WEB-INF/classes/apache-tomcat-9.0.118/webapps/manager/status.xsd] to the cache for web application [/MaterialGatePassSystem] because there was insufficient free space available after evicting expired cache entries - consider increasing the maximum size of the cache
15-Jun-2026 23:07:42.265 WARNING [http-nio-8080-exec-56] org.apache.catalina.webresources.Cache.getResource Unable to add the resource at [/WEB-INF/classes/apache-tomcat-9.0.118/webapps/manager/WEB-INF] to the cache for web application [/MaterialGatePassSystem] because there was insufficient free space available after evicting expired cache entries - consider increasing the maximum size of the cache
15-Jun-2026 23:07:42.267 WARNING [http-nio-8080-exec-56] org.apache.catalina.webresources.Cache.getResource Unable to add the resource at [/WEB-INF/classes/apache-tomcat-9.0.118/webapps/manager/xform.xsl] to the cache for web application [/MaterialGatePassSystem] because there was insufficient free space available after evicting expired cache entries - consider increasing the maximum size of the cache
15-Jun-2026 23:07:42.269 WARNING [http-nio-8080-exec-56] org.apache.catalina.webresources.Cache.getResource Unable to add the resource at [/WEB-INF/classes/apache-tomcat-9.0.118/webapps/manager/css/manager.css] to the cache for web application [/MaterialGatePassSystem] because there was insufficient free space available after evicting expired cache entries - consider increasing the maximum size of the cache
15-Jun-2026 23:07:42.271 WARNING [http-nio-8080-exec-56] org.apache.catalina.webresources.Cache.getResource Unable to add the resource at [/WEB-INF/classes/apache-tomcat-9.0.118/webapps/manager/images/asf-logo.svg] to the cache for web application [/MaterialGatePassSystem] because there was insufficient free space available after evicting expired cache entries - consider increasing the maximum size of the cache
15-Jun-2026 23:07:42.272 WARNING [http-nio-8080-exec-56] org.apache.catalina.webresources.Cache.getResource Unable to add the resource at [/WEB-INF/classes/apache-tomcat-9.0.118/webapps/manager/images/favicon.ico] to the cache for web application [/MaterialGatePassSystem] because there was insufficient free space available after evicting expired cache entries - consider increasing the maximum size of the cache
15-Jun-2026 23:07:42.274 WARNING [http-nio-8080-exec-56] org.apache.catalina.webresources.Cache.getResource Unable to add the resource at [/WEB-INF/classes/apache-tomcat-9.0.118/webapps/manager/images/tomcat.svg] to the cache for web application [/MaterialGatePassSystem] because there was insufficient free space available after evicting expired cache entries - consider increasing the maximum size of the cache
15-Jun-2026 23:07:42.277 WARNING [http-nio-8080-exec-56] org.apache.catalina.webresources.Cache.getResource Unable to add the resource at [/WEB-INF/classes/apache-tomcat-9.0.118/webapps/manager/META-INF/context.xml] to the cache for web application [/MaterialGatePassSystem] because there was insufficient free space available after evicting expired cache entries - consider increasing the maximum size of the cache
15-Jun-2026 23:07:42.326 WARNING [http-nio-8080-exec-56] org.apache.catalina.webresources.Cache.getResource Unable to add the resource at [/WEB-INF/classes/apache-tomcat-9.0.118/webapps/manager/WEB-INF/jsp] to the cache for web application [/MaterialGatePassSystem] because there was insufficient free space available after evicting expired cache entries - consider increasing the maximum size of the cache
15-Jun-2026 23:07:42.328 WARNING [http-nio-8080-exec-56] org.apache.catalina.webresources.Cache.getResource Unable to add the resource at [/WEB-INF/classes/apache-tomcat-9.0.118/webapps/manager/WEB-INF/web.xml] to the cache for web application [/MaterialGatePassSystem] because there was insufficient free space available after evicting expired cache entries - consider increasing the maximum size of the cache
15-Jun-2026 23:07:42.331 WARNING [http-nio-8080-exec-56] org.apache.catalina.webresources.Cache.getResource Unable to add the resource at [/WEB-INF/classes/apache-tomcat-9.0.118/webapps/manager/WEB-INF/jsp/401.jsp] to the cache for web application [/MaterialGatePassSystem] because there was insufficient free space available after evicting expired cache entries - consider increasing the maximum size of the cache
15-Jun-2026 23:07:42.333 WARNING [http-nio-8080-exec-56] org.apache.catalina.webresources.Cache.getResource Unable to add the resource at [/WEB-INF/classes/apache-tomcat-9.0.118/webapps/manager/WEB-INF/jsp/403.jsp] to the cache for web application [/MaterialGatePassSystem] because there was insufficient free space available after evicting expired cache entries - consider increasing the maximum size of the cache
15-Jun-2026 23:07:42.334 WARNING [http-nio-8080-exec-56] org.apache.catalina.webresources.Cache.getResource Unable to add the resource at [/WEB-INF/classes/apache-tomcat-9.0.118/webapps/manager/WEB-INF/jsp/404.jsp] to the cache for web application [/MaterialGatePassSystem] because there was insufficient free space available after evicting expired cache entries - consider increasing the maximum size of the cache
15-Jun-2026 23:07:42.335 WARNING [http-nio-8080-exec-56] org.apache.catalina.webresources.Cache.getResource Unable to add the resource at [/WEB-INF/classes/apache-tomcat-9.0.118/webapps/manager/WEB-INF/jsp/connectorCerts.jsp] to the cache for web application [/MaterialGatePassSystem] because there was insufficient free space available after evicting expired cache entries - consider increasing the maximum size of the cache
15-Jun-2026 23:07:42.336 WARNING [http-nio-8080-exec-56] org.apache.catalina.webresources.Cache.getResource Unable to add the resource at [/WEB-INF/classes/apache-tomcat-9.0.118/webapps/manager/WEB-INF/jsp/connectorCiphers.jsp] to the cache for web application [/MaterialGatePassSystem] because there was insufficient free space available after evicting expired cache entries - consider increasing the maximum size of the cache
15-Jun-2026 23:07:42.337 WARNING [http-nio-8080-exec-56] org.apache.catalina.webresources.Cache.getResource Unable to add the resource at [/WEB-INF/classes/apache-tomcat-9.0.118/webapps/manager/WEB-INF/jsp/connectorTrustedCerts.jsp] to the cache for web application [/MaterialGatePassSystem] because there was insufficient free space available after evicting expired cache entries - consider increasing the maximum size of the cache
15-Jun-2026 23:07:42.339 WARNING [http-nio-8080-exec-56] org.apache.catalina.webresources.Cache.getResource Unable to add the resource at [/WEB-INF/classes/apache-tomcat-9.0.118/webapps/manager/WEB-INF/jsp/sessionDetail.jsp] to the cache for web application [/MaterialGatePassSystem] because there was insufficient free space available after evicting expired cache entries - consider increasing the maximum size of the cache
15-Jun-2026 23:07:42.340 WARNING [http-nio-8080-exec-56] org.apache.catalina.webresources.Cache.getResource Unable to add the resource at [/WEB-INF/classes/apache-tomcat-9.0.118/webapps/manager/WEB-INF/jsp/sessionsList.jsp] to the cache for web application [/MaterialGatePassSystem] because there was insufficient free space available after evicting expired cache entries - consider increasing the maximum size of the cache
15-Jun-2026 23:07:42.391 WARNING [http-nio-8080-exec-56] org.apache.catalina.webresources.Cache.getResource Unable to add the resource at [/WEB-INF/classes/apache-tomcat-9.0.118/webapps/ROOT/asf-logo-wide.svg] to the cache for web application [/MaterialGatePassSystem] because there was insufficient free space available after evicting expired cache entries - consider increasing the maximum size of the cache
15-Jun-2026 23:07:42.393 WARNING [http-nio-8080-exec-56] org.apache.catalina.webresources.Cache.getResource Unable to add the resource at [/WEB-INF/classes/apache-tomcat-9.0.118/webapps/ROOT/bg-button.png] to the cache for web application [/MaterialGatePassSystem] because there was insufficient free space available after evicting expired cache entries - consider increasing the maximum size of the cache
15-Jun-2026 23:07:42.395 WARNING [http-nio-8080-exec-56] org.apache.catalina.webresources.Cache.getResource Unable to add the resource at [/WEB-INF/classes/apache-tomcat-9.0.118/webapps/ROOT/bg-middle.png] to the cache for web application [/MaterialGatePassSystem] because there was insufficient free space available after evicting expired cache entries - consider increasing the maximum size of the cache
15-Jun-2026 23:07:42.397 WARNING [http-nio-8080-exec-56] org.apache.catalina.webresources.Cache.getResource Unable to add the resource at [/WEB-INF/classes/apache-tomcat-9.0.118/webapps/ROOT/bg-nav.png] to the cache for web application [/MaterialGatePassSystem] because there was insufficient free space available after evicting expired cache entries - consider increasing the maximum size of the cache
15-Jun-2026 23:07:42.397 WARNING [http-nio-8080-exec-56] org.apache.catalina.webresources.Cache.getResource Unable to add the resource at [/WEB-INF/classes/apache-tomcat-9.0.118/webapps/ROOT/bg-upper.png] to the cache for web application [/MaterialGatePassSystem] because there was insufficient free space available after evicting expired cache entries - consider increasing the maximum size of the cache
15-Jun-2026 23:07:42.399 WARNING [http-nio-8080-exec-56] org.apache.catalina.webresources.Cache.getResource Unable to add the resource at [/WEB-INF/classes/apache-tomcat-9.0.118/webapps/ROOT/favicon.ico] to the cache for web application [/MaterialGatePassSystem] because there was insufficient free space available after evicting expired cache entries - consider increasing the maximum size of the cache
15-Jun-2026 23:07:42.400 WARNING [http-nio-8080-exec-56] org.apache.catalina.webresources.Cache.getResource Unable to add the resource at [/WEB-INF/classes/apache-tomcat-9.0.118/webapps/ROOT/index.jsp] to the cache for web application [/MaterialGatePassSystem] because there was insufficient free space available after evicting expired cache entries - consider increasing the maximum size of the cache
15-Jun-2026 23:07:42.401 WARNING [http-nio-8080-exec-56] org.apache.catalina.webresources.Cache.getResource Unable to add the resource at [/WEB-INF/classes/apache-tomcat-9.0.118/webapps/ROOT/RELEASE-NOTES.txt] to the cache for web application [/MaterialGatePassSystem] because there was insufficient free space available after evicting expired cache entries - consider increasing the maximum size of the cache
15-Jun-2026 23:07:42.403 WARNING [http-nio-8080-exec-56] org.apache.catalina.webresources.Cache.getResource Unable to add the resource at [/WEB-INF/classes/apache-tomcat-9.0.118/webapps/ROOT/tomcat.css] to the cache for web application [/MaterialGatePassSystem] because there was insufficient free space available after evicting expired cache entries - consider increasing the maximum size of the cache
15-Jun-2026 23:07:42.404 WARNING [http-nio-8080-exec-56] org.apache.catalina.webresources.Cache.getResource Unable to add the resource at [/WEB-INF/classes/apache-tomcat-9.0.118/webapps/ROOT/tomcat.svg] to the cache for web application [/MaterialGatePassSystem] because there was insufficient free space available after evicting expired cache entries - consider increasing the maximum size of the cache
15-Jun-2026 23:07:42.405 WARNING [http-nio-8080-exec-56] org.apache.catalina.webresources.Cache.getResource Unable to add the resource at [/WEB-INF/classes/apache-tomcat-9.0.118/webapps/ROOT/WEB-INF] to the cache for web application [/MaterialGatePassSystem] because there was insufficient free space available after evicting expired cache entries - consider increasing the maximum size of the cache
15-Jun-2026 23:07:42.452 WARNING [http-nio-8080-exec-56] org.apache.catalina.webresources.Cache.getResource Unable to add the resource at [/WEB-INF/classes/apache-tomcat-9.0.118/webapps/ROOT/WEB-INF/web.xml] to the cache for web application [/MaterialGatePassSystem] because there was insufficient free space available after evicting expired cache entries - consider increasing the maximum size of the cache
15-Jun-2026 23:07:42.454 WARNING [http-nio-8080-exec-56] org.apache.catalina.webresources.Cache.getResource Unable to add the resource at [/WEB-INF/classes/apache-tomcat-9.0.118/work/Catalina] to the cache for web application [/MaterialGatePassSystem] because there was insufficient free space available after evicting expired cache entries - consider increasing the maximum size of the cache
15-Jun-2026 23:07:42.457 WARNING [http-nio-8080-exec-56] org.apache.catalina.webresources.Cache.getResource Unable to add the resource at [/WEB-INF/classes/apache-tomcat-9.0.118/work/Catalina/localhost] to the cache for web application [/MaterialGatePassSystem] because there was insufficient free space available after evicting expired cache entries - consider increasing the maximum size of the cache
15-Jun-2026 23:07:42.458 WARNING [http-nio-8080-exec-56] org.apache.catalina.webresources.Cache.getResource Unable to add the resource at [/WEB-INF/classes/apache-tomcat-9.0.118/work/Catalina/localhost/docs] to the cache for web application [/MaterialGatePassSystem] because there was insufficient free space available after evicting expired cache entries - consider increasing the maximum size of the cache
15-Jun-2026 23:07:42.460 WARNING [http-nio-8080-exec-56] org.apache.catalina.webresources.Cache.getResource Unable to add the resource at [/WEB-INF/classes/apache-tomcat-9.0.118/work/Catalina/localhost/examples] to the cache for web application [/MaterialGatePassSystem] because there was insufficient free space available after evicting expired cache entries - consider increasing the maximum size of the cache
15-Jun-2026 23:07:42.462 WARNING [http-nio-8080-exec-56] org.apache.catalina.webresources.Cache.getResource Unable to add the resource at [/WEB-INF/classes/apache-tomcat-9.0.118/work/Catalina/localhost/Gatepassweb] to the cache for web application [/MaterialGatePassSystem] because there was insufficient free space available after evicting expired cache entries - consider increasing the maximum size of the cache
15-Jun-2026 23:07:42.463 WARNING [http-nio-8080-exec-56] org.apache.catalina.webresources.Cache.getResource Unable to add the resource at [/WEB-INF/classes/apache-tomcat-9.0.118/work/Catalina/localhost/host-manager] to the cache for web application [/MaterialGatePassSystem] because there was insufficient free space available after evicting expired cache entries - consider increasing the maximum size of the cache
15-Jun-2026 23:07:42.465 WARNING [http-nio-8080-exec-56] org.apache.catalina.webresources.Cache.getResource Unable to add the resource at [/WEB-INF/classes/apache-tomcat-9.0.118/work/Catalina/localhost/manager] to the cache for web application [/MaterialGatePassSystem] because there was insufficient free space available after evicting expired cache entries - consider increasing the maximum size of the cache
15-Jun-2026 23:07:42.466 WARNING [http-nio-8080-exec-56] org.apache.catalina.webresources.Cache.getResource Unable to add the resource at [/WEB-INF/classes/apache-tomcat-9.0.118/work/Catalina/localhost/ROOT] to the cache for web application [/MaterialGatePassSystem] because there was insufficient free space available after evicting expired cache entries - consider increasing the maximum size of the cache
15-Jun-2026 23:07:42.475 WARNING [http-nio-8080-exec-56] org.apache.catalina.webresources.Cache.getResource Unable to add the resource at [/WEB-INF/classes/com/mgps] to the cache for web application [/MaterialGatePassSystem] because there was insufficient free space available after evicting expired cache entries - consider increasing the maximum size of the cache
15-Jun-2026 23:07:42.477 WARNING [http-nio-8080-exec-56] org.apache.catalina.webresources.Cache.getResource Unable to add the resource at [/WEB-INF/classes/com/mgps/servlet] to the cache for web application [/MaterialGatePassSystem] because there was insufficient free space available after evicting expired cache entries - consider increasing the maximum size of the cache
15-Jun-2026 23:07:42.514 WARNING [http-nio-8080-exec-56] org.apache.catalina.webresources.Cache.getResource Unable to add the resource at [/WEB-INF/classes/com/mgps/util] to the cache for web application [/MaterialGatePassSystem] because there was insufficient free space available after evicting expired cache entries - consider increasing the maximum size of the cache
15-Jun-2026 23:07:42.827 WARNING [http-nio-8080-exec-56] org.apache.catalina.webresources.Cache.getResource Unable to add the resource at [/WEB-INF/classes/] to the cache for web application [/MaterialGatePassSystem] because there was insufficient free space available after evicting expired cache entries - consider increasing the maximum size of the cache
15-Jun-2026 23:07:42.830 WARNING [http-nio-8080-exec-56] org.apache.catalina.webresources.Cache.getResource Unable to add the resource at [/WEB-INF/classes/] to the cache for web application [/MaterialGatePassSystem] because there was insufficient free space available after evicting expired cache entries - consider increasing the maximum size of the cache
15-Jun-2026 23:07:42.833 WARNING [http-nio-8080-exec-56] org.apache.catalina.webresources.Cache.getResource Unable to add the resource at [/WEB-INF/classes/] to the cache for web application [/MaterialGatePassSystem] because there was insufficient free space available after evicting expired cache entries - consider increasing the maximum size of the cache
15-Jun-2026 23:07:42.836 WARNING [http-nio-8080-exec-56] org.apache.catalina.webresources.Cache.getResource Unable to add the resource at [/WEB-INF/classes/] to the cache for web application [/MaterialGatePassSystem] because there was insufficient free space available after evicting expired cache entries - consider increasing the maximum size of the cache
15-Jun-2026 23:07:42.837 WARNING [http-nio-8080-exec-56] org.apache.catalina.webresources.Cache.getResource Unable to add the resource at [/WEB-INF/classes/] to the cache for web application [/MaterialGatePassSystem] because there was insufficient free space available after evicting expired cache entries - consider increasing the maximum size of the cache
15-Jun-2026 23:07:42.840 WARNING [http-nio-8080-exec-56] org.apache.catalina.webresources.Cache.getResource Unable to add the resource at [/WEB-INF/classes/] to the cache for web application [/MaterialGatePassSystem] because there was insufficient free space available after evicting expired cache entries - consider increasing the maximum size of the cache
15-Jun-2026 23:07:42.848 INFO [http-nio-8080-exec-56] org.apache.jasper.servlet.TldScanner.scanJars At least one JAR was scanned for TLDs yet contained no TLDs. Enable debug logging for this logger for a complete list of JARs that were scanned but no TLDs were found in them. Skipping unneeded JARs during scanning can improve startup time and JSP compilation time.
15-Jun-2026 23:07:42.852 WARNING [http-nio-8080-exec-56] org.apache.catalina.webresources.Cache.getResource Unable to add the resource at [/] to the cache for web application [/MaterialGatePassSystem] because there was insufficient free space available after evicting expired cache entries - consider increasing the maximum size of the cache
15-Jun-2026 23:07:42.853 INFO [http-nio-8080-exec-56] org.apache.catalina.core.StandardContext.reload Reloading Context with name [/MaterialGatePassSystem] is completed
15-Jun-2026 23:14:13.822 INFO [http-nio-8080-exec-66] org.apache.catalina.core.StandardContext.reload Reloading Context with name [/MaterialGatePassSystem] has started
15-Jun-2026 23:14:13.847 WARNING [http-nio-8080-exec-66] org.apache.tomcat.util.descriptor.web.WebXml.setVersion Unknown version string [6.0]. Default version will be used.
15-Jun-2026 23:14:14.442 WARNING [http-nio-8080-exec-66] org.apache.catalina.webresources.Cache.getResource Unable to add the resource at [/WEB-INF/classes/apache-tomcat-9.0.118/webapps/examples/WEB-INF/lib/taglibs-standard-impl-1.2.5.jar] to the cache for web application [/MaterialGatePassSystem] because there was insufficient free space available after evicting expired cache entries - consider increasing the maximum size of the cache
15-Jun-2026 23:14:14.448 WARNING [http-nio-8080-exec-66] org.apache.catalina.webresources.Cache.getResource Unable to add the resource at [/WEB-INF/classes/apache-tomcat-9.0.118/webapps/examples/websocket/chat.xhtml] to the cache for web application [/MaterialGatePassSystem] because there was insufficient free space available after evicting expired cache entries - consider increasing the maximum size of the cache
15-Jun-2026 23:14:14.449 WARNING [http-nio-8080-exec-66] org.apache.catalina.webresources.Cache.getResource Unable to add the resource at [/WEB-INF/classes/apache-tomcat-9.0.118/webapps/examples/websocket/drawboard.xhtml] to the cache for web application [/MaterialGatePassSystem] because there was insufficient free space available after evicting expired cache entries - consider increasing the maximum size of the cache
15-Jun-2026 23:14:14.451 WARNING [http-nio-8080-exec-66] org.apache.catalina.webresources.Cache.getResource Unable to add the resource at [/WEB-INF/classes/apache-tomcat-9.0.118/webapps/examples/websocket/echo.xhtml] to the cache for web application [/MaterialGatePassSystem] because there was insufficient free space available after evicting expired cache entries - consider increasing the maximum size of the cache
15-Jun-2026 23:14:14.454 WARNING [http-nio-8080-exec-66] org.apache.catalina.webresources.Cache.getResource Unable to add the resource at [/WEB-INF/classes/apache-tomcat-9.0.118/webapps/examples/websocket/snake.xhtml] to the cache for web application [/MaterialGatePassSystem] because there was insufficient free space available after evicting expired cache entries - consider increasing the maximum size of the cache
15-Jun-2026 23:14:14.458 WARNING [http-nio-8080-exec-66] org.apache.catalina.webresources.Cache.getResource Unable to add the resource at [/WEB-INF/classes/apache-tomcat-9.0.118/webapps/host-manager/index.jsp] to the cache for web application [/MaterialGatePassSystem] because there was insufficient free space available after evicting expired cache entries - consider increasing the maximum size of the cache
15-Jun-2026 23:14:14.459 WARNING [http-nio-8080-exec-66] org.apache.catalina.webresources.Cache.getResource Unable to add the resource at [/WEB-INF/classes/apache-tomcat-9.0.118/webapps/host-manager/META-INF] to the cache for web application [/MaterialGatePassSystem] because there was insufficient free space available after evicting expired cache entries - consider increasing the maximum size of the cache
15-Jun-2026 23:14:14.460 WARNING [http-nio-8080-exec-66] org.apache.catalina.webresources.Cache.getResource Unable to add the resource at [/WEB-INF/classes/apache-tomcat-9.0.118/webapps/host-manager/WEB-INF] to the cache for web application [/MaterialGatePassSystem] because there was insufficient free space available after evicting expired cache entries - consider increasing the maximum size of the cache
15-Jun-2026 23:14:14.462 WARNING [http-nio-8080-exec-66] org.apache.catalina.webresources.Cache.getResource Unable to add the resource at [/WEB-INF/classes/apache-tomcat-9.0.118/webapps/host-manager/css/manager.css] to the cache for web application [/MaterialGatePassSystem] because there was insufficient free space available after evicting expired cache entries - consider increasing the maximum size of the cache
15-Jun-2026 23:14:14.464 WARNING [http-nio-8080-exec-66] org.apache.catalina.webresources.Cache.getResource Unable to add the resource at [/WEB-INF/classes/apache-tomcat-9.0.118/webapps/host-manager/images/asf-logo.svg] to the cache for web application [/MaterialGatePassSystem] because there was insufficient free space available after evicting expired cache entries - consider increasing the maximum size of the cache
15-Jun-2026 23:14:14.464 WARNING [http-nio-8080-exec-66] org.apache.catalina.webresources.Cache.getResource Unable to add the resource at [/WEB-INF/classes/apache-tomcat-9.0.118/webapps/host-manager/images/favicon.ico] to the cache for web application [/MaterialGatePassSystem] because there was insufficient free space available after evicting expired cache entries - consider increasing the maximum size of the cache
15-Jun-2026 23:14:14.497 WARNING [http-nio-8080-exec-66] org.apache.catalina.webresources.Cache.getResource Unable to add the resource at [/WEB-INF/classes/apache-tomcat-9.0.118/webapps/host-manager/images/tomcat.svg] to the cache for web application [/MaterialGatePassSystem] because there was insufficient free space available after evicting expired cache entries - consider increasing the maximum size of the cache
15-Jun-2026 23:14:14.499 WARNING [http-nio-8080-exec-66] org.apache.catalina.webresources.Cache.getResource Unable to add the resource at [/WEB-INF/classes/apache-tomcat-9.0.118/webapps/host-manager/META-INF/context.xml] to the cache for web application [/MaterialGatePassSystem] because there was insufficient free space available after evicting expired cache entries - consider increasing the maximum size of the cache
15-Jun-2026 23:14:14.501 WARNING [http-nio-8080-exec-66] org.apache.catalina.webresources.Cache.getResource Unable to add the resource at [/WEB-INF/classes/apache-tomcat-9.0.118/webapps/host-manager/WEB-INF/jsp] to the cache for web application [/MaterialGatePassSystem] because there was insufficient free space available after evicting expired cache entries - consider increasing the maximum size of the cache
15-Jun-2026 23:14:14.502 WARNING [http-nio-8080-exec-66] org.apache.catalina.webresources.Cache.getResource Unable to add the resource at [/WEB-INF/classes/apache-tomcat-9.0.118/webapps/host-manager/WEB-INF/manager.xml] to the cache for web application [/MaterialGatePassSystem] because there was insufficient free space available after evicting expired cache entries - consider increasing the maximum size of the cache
15-Jun-2026 23:14:14.502 WARNING [http-nio-8080-exec-66] org.apache.catalina.webresources.Cache.getResource Unable to add the resource at [/WEB-INF/classes/apache-tomcat-9.0.118/webapps/host-manager/WEB-INF/web.xml] to the cache for web application [/MaterialGatePassSystem] because there was insufficient free space available after evicting expired cache entries - consider increasing the maximum size of the cache
15-Jun-2026 23:14:14.505 WARNING [http-nio-8080-exec-66] org.apache.catalina.webresources.Cache.getResource Unable to add the resource at [/WEB-INF/classes/apache-tomcat-9.0.118/webapps/host-manager/WEB-INF/jsp/401.jsp] to the cache for web application [/MaterialGatePassSystem] because there was insufficient free space available after evicting expired cache entries - consider increasing the maximum size of the cache
15-Jun-2026 23:14:14.506 WARNING [http-nio-8080-exec-66] org.apache.catalina.webresources.Cache.getResource Unable to add the resource at [/WEB-INF/classes/apache-tomcat-9.0.118/webapps/host-manager/WEB-INF/jsp/403.jsp] to the cache for web application [/MaterialGatePassSystem] because there was insufficient free space available after evicting expired cache entries - consider increasing the maximum size of the cache
15-Jun-2026 23:14:14.507 WARNING [http-nio-8080-exec-66] org.apache.catalina.webresources.Cache.getResource Unable to add the resource at [/WEB-INF/classes/apache-tomcat-9.0.118/webapps/host-manager/WEB-INF/jsp/404.jsp] to the cache for web application [/MaterialGatePassSystem] because there was insufficient free space available after evicting expired cache entries - consider increasing the maximum size of the cache
15-Jun-2026 23:14:14.508 WARNING [http-nio-8080-exec-66] org.apache.catalina.webresources.Cache.getResource Unable to add the resource at [/WEB-INF/classes/apache-tomcat-9.0.118/webapps/manager/css] to the cache for web application [/MaterialGatePassSystem] because there was insufficient free space available after evicting expired cache entries - consider increasing the maximum size of the cache
15-Jun-2026 23:14:14.509 WARNING [http-nio-8080-exec-66] org.apache.catalina.webresources.Cache.getResource Unable to add the resource at [/WEB-INF/classes/apache-tomcat-9.0.118/webapps/manager/images] to the cache for web application [/MaterialGatePassSystem] because there was insufficient free space available after evicting expired cache entries - consider increasing the maximum size of the cache
15-Jun-2026 23:14:14.549 WARNING [http-nio-8080-exec-66] org.apache.catalina.webresources.Cache.getResource Unable to add the resource at [/WEB-INF/classes/apache-tomcat-9.0.118/webapps/manager/index.jsp] to the cache for web application [/MaterialGatePassSystem] because there was insufficient free space available after evicting expired cache entries - consider increasing the maximum size of the cache
15-Jun-2026 23:14:14.552 WARNING [http-nio-8080-exec-66] org.apache.catalina.webresources.Cache.getResource Unable to add the resource at [/WEB-INF/classes/apache-tomcat-9.0.118/webapps/manager/META-INF] to the cache for web application [/MaterialGatePassSystem] because there was insufficient free space available after evicting expired cache entries - consider increasing the maximum size of the cache
15-Jun-2026 23:14:14.553 WARNING [http-nio-8080-exec-66] org.apache.catalina.webresources.Cache.getResource Unable to add the resource at [/WEB-INF/classes/apache-tomcat-9.0.118/webapps/manager/status.xsd] to the cache for web application [/MaterialGatePassSystem] because there was insufficient free space available after evicting expired cache entries - consider increasing the maximum size of the cache
15-Jun-2026 23:14:14.554 WARNING [http-nio-8080-exec-66] org.apache.catalina.webresources.Cache.getResource Unable to add the resource at [/WEB-INF/classes/apache-tomcat-9.0.118/webapps/manager/WEB-INF] to the cache for web application [/MaterialGatePassSystem] because there was insufficient free space available after evicting expired cache entries - consider increasing the maximum size of the cache
15-Jun-2026 23:14:14.554 WARNING [http-nio-8080-exec-66] org.apache.catalina.webresources.Cache.getResource Unable to add the resource at [/WEB-INF/classes/apache-tomcat-9.0.118/webapps/manager/xform.xsl] to the cache for web application [/MaterialGatePassSystem] because there was insufficient free space available after evicting expired cache entries - consider increasing the maximum size of the cache
15-Jun-2026 23:14:14.556 WARNING [http-nio-8080-exec-66] org.apache.catalina.webresources.Cache.getResource Unable to add the resource at [/WEB-INF/classes/apache-tomcat-9.0.118/webapps/manager/css/manager.css] to the cache for web application [/MaterialGatePassSystem] because there was insufficient free space available after evicting expired cache entries - consider increasing the maximum size of the cache
15-Jun-2026 23:14:14.558 WARNING [http-nio-8080-exec-66] org.apache.catalina.webresources.Cache.getResource Unable to add the resource at [/WEB-INF/classes/apache-tomcat-9.0.118/webapps/manager/images/asf-logo.svg] to the cache for web application [/MaterialGatePassSystem] because there was insufficient free space available after evicting expired cache entries - consider increasing the maximum size of the cache
15-Jun-2026 23:14:14.559 WARNING [http-nio-8080-exec-66] org.apache.catalina.webresources.Cache.getResource Unable to add the resource at [/WEB-INF/classes/apache-tomcat-9.0.118/webapps/manager/images/favicon.ico] to the cache for web application [/MaterialGatePassSystem] because there was insufficient free space available after evicting expired cache entries - consider increasing the maximum size of the cache
15-Jun-2026 23:14:14.560 WARNING [http-nio-8080-exec-66] org.apache.catalina.webresources.Cache.getResource Unable to add the resource at [/WEB-INF/classes/apache-tomcat-9.0.118/webapps/manager/images/tomcat.svg] to the cache for web application [/MaterialGatePassSystem] because there was insufficient free space available after evicting expired cache entries - consider increasing the maximum size of the cache
15-Jun-2026 23:14:14.562 WARNING [http-nio-8080-exec-66] org.apache.catalina.webresources.Cache.getResource Unable to add the resource at [/WEB-INF/classes/apache-tomcat-9.0.118/webapps/manager/META-INF/context.xml] to the cache for web application [/MaterialGatePassSystem] because there was insufficient free space available after evicting expired cache entries - consider increasing the maximum size of the cache
15-Jun-2026 23:14:14.564 WARNING [http-nio-8080-exec-66] org.apache.catalina.webresources.Cache.getResource Unable to add the resource at [/WEB-INF/classes/apache-tomcat-9.0.118/webapps/manager/WEB-INF/jsp] to the cache for web application [/MaterialGatePassSystem] because there was insufficient free space available after evicting expired cache entries - consider increasing the maximum size of the cache
15-Jun-2026 23:14:14.601 WARNING [http-nio-8080-exec-66] org.apache.catalina.webresources.Cache.getResource Unable to add the resource at [/WEB-INF/classes/apache-tomcat-9.0.118/webapps/manager/WEB-INF/web.xml] to the cache for web application [/MaterialGatePassSystem] because there was insufficient free space available after evicting expired cache entries - consider increasing the maximum size of the cache
15-Jun-2026 23:14:14.604 WARNING [http-nio-8080-exec-66] org.apache.catalina.webresources.Cache.getResource Unable to add the resource at [/WEB-INF/classes/apache-tomcat-9.0.118/webapps/manager/WEB-INF/jsp/401.jsp] to the cache for web application [/MaterialGatePassSystem] because there was insufficient free space available after evicting expired cache entries - consider increasing the maximum size of the cache
15-Jun-2026 23:14:14.606 WARNING [http-nio-8080-exec-66] org.apache.catalina.webresources.Cache.getResource Unable to add the resource at [/WEB-INF/classes/apache-tomcat-9.0.118/webapps/manager/WEB-INF/jsp/403.jsp] to the cache for web application [/MaterialGatePassSystem] because there was insufficient free space available after evicting expired cache entries - consider increasing the maximum size of the cache
15-Jun-2026 23:14:14.607 WARNING [http-nio-8080-exec-66] org.apache.catalina.webresources.Cache.getResource Unable to add the resource at [/WEB-INF/classes/apache-tomcat-9.0.118/webapps/manager/WEB-INF/jsp/404.jsp] to the cache for web application [/MaterialGatePassSystem] because there was insufficient free space available after evicting expired cache entries - consider increasing the maximum size of the cache
15-Jun-2026 23:14:14.608 WARNING [http-nio-8080-exec-66] org.apache.catalina.webresources.Cache.getResource Unable to add the resource at [/WEB-INF/classes/apache-tomcat-9.0.118/webapps/manager/WEB-INF/jsp/connectorCerts.jsp] to the cache for web application [/MaterialGatePassSystem] because there was insufficient free space available after evicting expired cache entries - consider increasing the maximum size of the cache
15-Jun-2026 23:14:14.609 WARNING [http-nio-8080-exec-66] org.apache.catalina.webresources.Cache.getResource Unable to add the resource at [/WEB-INF/classes/apache-tomcat-9.0.118/webapps/manager/WEB-INF/jsp/connectorCiphers.jsp] to the cache for web application [/MaterialGatePassSystem] because there was insufficient free space available after evicting expired cache entries - consider increasing the maximum size of the cache
15-Jun-2026 23:14:14.610 WARNING [http-nio-8080-exec-66] org.apache.catalina.webresources.Cache.getResource Unable to add the resource at [/WEB-INF/classes/apache-tomcat-9.0.118/webapps/manager/WEB-INF/jsp/connectorTrustedCerts.jsp] to the cache for web application [/MaterialGatePassSystem] because there was insufficient free space available after evicting expired cache entries - consider increasing the maximum size of the cache
15-Jun-2026 23:14:14.611 WARNING [http-nio-8080-exec-66] org.apache.catalina.webresources.Cache.getResource Unable to add the resource at [/WEB-INF/classes/apache-tomcat-9.0.118/webapps/manager/WEB-INF/jsp/sessionDetail.jsp] to the cache for web application [/MaterialGatePassSystem] because there was insufficient free space available after evicting expired cache entries - consider increasing the maximum size of the cache
15-Jun-2026 23:14:14.612 WARNING [http-nio-8080-exec-66] org.apache.catalina.webresources.Cache.getResource Unable to add the resource at [/WEB-INF/classes/apache-tomcat-9.0.118/webapps/manager/WEB-INF/jsp/sessionsList.jsp] to the cache for web application [/MaterialGatePassSystem] because there was insufficient free space available after evicting expired cache entries - consider increasing the maximum size of the cache
15-Jun-2026 23:14:14.615 WARNING [http-nio-8080-exec-66] org.apache.catalina.webresources.Cache.getResource Unable to add the resource at [/WEB-INF/classes/apache-tomcat-9.0.118/webapps/ROOT/asf-logo-wide.svg] to the cache for web application [/MaterialGatePassSystem] because there was insufficient free space available after evicting expired cache entries - consider increasing the maximum size of the cache
15-Jun-2026 23:14:14.652 WARNING [http-nio-8080-exec-66] org.apache.catalina.webresources.Cache.getResource Unable to add the resource at [/WEB-INF/classes/apache-tomcat-9.0.118/webapps/ROOT/bg-button.png] to the cache for web application [/MaterialGatePassSystem] because there was insufficient free space available after evicting expired cache entries - consider increasing the maximum size of the cache
15-Jun-2026 23:14:14.654 WARNING [http-nio-8080-exec-66] org.apache.catalina.webresources.Cache.getResource Unable to add the resource at [/WEB-INF/classes/apache-tomcat-9.0.118/webapps/ROOT/bg-middle.png] to the cache for web application [/MaterialGatePassSystem] because there was insufficient free space available after evicting expired cache entries - consider increasing the maximum size of the cache
15-Jun-2026 23:14:14.655 WARNING [http-nio-8080-exec-66] org.apache.catalina.webresources.Cache.getResource Unable to add the resource at [/WEB-INF/classes/apache-tomcat-9.0.118/webapps/ROOT/bg-nav.png] to the cache for web application [/MaterialGatePassSystem] because there was insufficient free space available after evicting expired cache entries - consider increasing the maximum size of the cache
15-Jun-2026 23:14:14.656 WARNING [http-nio-8080-exec-66] org.apache.catalina.webresources.Cache.getResource Unable to add the resource at [/WEB-INF/classes/apache-tomcat-9.0.118/webapps/ROOT/bg-upper.png] to the cache for web application [/MaterialGatePassSystem] because there was insufficient free space available after evicting expired cache entries - consider increasing the maximum size of the cache
15-Jun-2026 23:14:14.657 WARNING [http-nio-8080-exec-66] org.apache.catalina.webresources.Cache.getResource Unable to add the resource at [/WEB-INF/classes/apache-tomcat-9.0.118/webapps/ROOT/favicon.ico] to the cache for web application [/MaterialGatePassSystem] because there was insufficient free space available after evicting expired cache entries - consider increasing the maximum size of the cache
15-Jun-2026 23:14:14.658 WARNING [http-nio-8080-exec-66] org.apache.catalina.webresources.Cache.getResource Unable to add the resource at [/WEB-INF/classes/apache-tomcat-9.0.118/webapps/ROOT/index.jsp] to the cache for web application [/MaterialGatePassSystem] because there was insufficient free space available after evicting expired cache entries - consider increasing the maximum size of the cache
15-Jun-2026 23:14:14.658 WARNING [http-nio-8080-exec-66] org.apache.catalina.webresources.Cache.getResource Unable to add the resource at [/WEB-INF/classes/apache-tomcat-9.0.118/webapps/ROOT/RELEASE-NOTES.txt] to the cache for web application [/MaterialGatePassSystem] because there was insufficient free space available after evicting expired cache entries - consider increasing the maximum size of the cache
15-Jun-2026 23:14:14.659 WARNING [http-nio-8080-exec-66] org.apache.catalina.webresources.Cache.getResource Unable to add the resource at [/WEB-INF/classes/apache-tomcat-9.0.118/webapps/ROOT/tomcat.css] to the cache for web application [/MaterialGatePassSystem] because there was insufficient free space available after evicting expired cache entries - consider increasing the maximum size of the cache
15-Jun-2026 23:14:14.660 WARNING [http-nio-8080-exec-66] org.apache.catalina.webresources.Cache.getResource Unable to add the resource at [/WEB-INF/classes/apache-tomcat-9.0.118/webapps/ROOT/tomcat.svg] to the cache for web application [/MaterialGatePassSystem] because there was insufficient free space available after evicting expired cache entries - consider increasing the maximum size of the cache
15-Jun-2026 23:14:14.662 WARNING [http-nio-8080-exec-66] org.apache.catalina.webresources.Cache.getResource Unable to add the resource at [/WEB-INF/classes/apache-tomcat-9.0.118/webapps/ROOT/WEB-INF] to the cache for web application [/MaterialGatePassSystem] because there was insufficient free space available after evicting expired cache entries - consider increasing the maximum size of the cache
15-Jun-2026 23:14:14.664 WARNING [http-nio-8080-exec-66] org.apache.catalina.webresources.Cache.getResource Unable to add the resource at [/WEB-INF/classes/apache-tomcat-9.0.118/webapps/ROOT/WEB-INF/web.xml] to the cache for web application [/MaterialGatePassSystem] because there was insufficient free space available after evicting expired cache entries - consider increasing the maximum size of the cache
15-Jun-2026 23:14:14.706 WARNING [http-nio-8080-exec-66] org.apache.catalina.webresources.Cache.getResource Unable to add the resource at [/WEB-INF/classes/apache-tomcat-9.0.118/work/Catalina] to the cache for web application [/MaterialGatePassSystem] because there was insufficient free space available after evicting expired cache entries - consider increasing the maximum size of the cache
15-Jun-2026 23:14:14.708 WARNING [http-nio-8080-exec-66] org.apache.catalina.webresources.Cache.getResource Unable to add the resource at [/WEB-INF/classes/apache-tomcat-9.0.118/work/Catalina/localhost] to the cache for web application [/MaterialGatePassSystem] because there was insufficient free space available after evicting expired cache entries - consider increasing the maximum size of the cache
15-Jun-2026 23:14:14.710 WARNING [http-nio-8080-exec-66] org.apache.catalina.webresources.Cache.getResource Unable to add the resource at [/WEB-INF/classes/apache-tomcat-9.0.118/work/Catalina/localhost/docs] to the cache for web application [/MaterialGatePassSystem] because there was insufficient free space available after evicting expired cache entries - consider increasing the maximum size of the cache
15-Jun-2026 23:14:14.710 WARNING [http-nio-8080-exec-66] org.apache.catalina.webresources.Cache.getResource Unable to add the resource at [/WEB-INF/classes/apache-tomcat-9.0.118/work/Catalina/localhost/examples] to the cache for web application [/MaterialGatePassSystem] because there was insufficient free space available after evicting expired cache entries - consider increasing the maximum size of the cache
15-Jun-2026 23:14:14.714 WARNING [http-nio-8080-exec-66] org.apache.catalina.webresources.Cache.getResource Unable to add the resource at [/WEB-INF/classes/apache-tomcat-9.0.118/work/Catalina/localhost/Gatepassweb] to the cache for web application [/MaterialGatePassSystem] because there was insufficient free space available after evicting expired cache entries - consider increasing the maximum size of the cache
15-Jun-2026 23:14:14.715 WARNING [http-nio-8080-exec-66] org.apache.catalina.webresources.Cache.getResource Unable to add the resource at [/WEB-INF/classes/apache-tomcat-9.0.118/work/Catalina/localhost/host-manager] to the cache for web application [/MaterialGatePassSystem] because there was insufficient free space available after evicting expired cache entries - consider increasing the maximum size of the cache
15-Jun-2026 23:14:14.717 WARNING [http-nio-8080-exec-66] org.apache.catalina.webresources.Cache.getResource Unable to add the resource at [/WEB-INF/classes/apache-tomcat-9.0.118/work/Catalina/localhost/manager] to the cache for web application [/MaterialGatePassSystem] because there was insufficient free space available after evicting expired cache entries - consider increasing the maximum size of the cache
15-Jun-2026 23:14:14.718 WARNING [http-nio-8080-exec-66] org.apache.catalina.webresources.Cache.getResource Unable to add the resource at [/WEB-INF/classes/apache-tomcat-9.0.118/work/Catalina/localhost/ROOT] to the cache for web application [/MaterialGatePassSystem] because there was insufficient free space available after evicting expired cache entries - consider increasing the maximum size of the cache
15-Jun-2026 23:14:14.726 WARNING [http-nio-8080-exec-66] org.apache.catalina.webresources.Cache.getResource Unable to add the resource at [/WEB-INF/classes/com/mgps] to the cache for web application [/MaterialGatePassSystem] because there was insufficient free space available after evicting expired cache entries - consider increasing the maximum size of the cache
15-Jun-2026 23:14:14.728 WARNING [http-nio-8080-exec-66] org.apache.catalina.webresources.Cache.getResource Unable to add the resource at [/WEB-INF/classes/com/mgps/servlet] to the cache for web application [/MaterialGatePassSystem] because there was insufficient free space available after evicting expired cache entries - consider increasing the maximum size of the cache
15-Jun-2026 23:14:14.728 WARNING [http-nio-8080-exec-66] org.apache.catalina.webresources.Cache.getResource Unable to add the resource at [/WEB-INF/classes/com/mgps/util] to the cache for web application [/MaterialGatePassSystem] because there was insufficient free space available after evicting expired cache entries - consider increasing the maximum size of the cache
15-Jun-2026 23:14:14.959 WARNING [http-nio-8080-exec-66] org.apache.catalina.webresources.Cache.getResource Unable to add the resource at [/WEB-INF/classes/] to the cache for web application [/MaterialGatePassSystem] because there was insufficient free space available after evicting expired cache entries - consider increasing the maximum size of the cache
15-Jun-2026 23:14:14.959 WARNING [http-nio-8080-exec-66] org.apache.catalina.webresources.Cache.getResource Unable to add the resource at [/WEB-INF/classes/] to the cache for web application [/MaterialGatePassSystem] because there was insufficient free space available after evicting expired cache entries - consider increasing the maximum size of the cache
15-Jun-2026 23:14:14.964 WARNING [http-nio-8080-exec-66] org.apache.catalina.webresources.Cache.getResource Unable to add the resource at [/WEB-INF/classes/] to the cache for web application [/MaterialGatePassSystem] because there was insufficient free space available after evicting expired cache entries - consider increasing the maximum size of the cache
15-Jun-2026 23:14:14.967 WARNING [http-nio-8080-exec-66] org.apache.catalina.webresources.Cache.getResource Unable to add the resource at [/WEB-INF/classes/] to the cache for web application [/MaterialGatePassSystem] because there was insufficient free space available after evicting expired cache entries - consider increasing the maximum size of the cache
15-Jun-2026 23:14:14.970 WARNING [http-nio-8080-exec-66] org.apache.catalina.webresources.Cache.getResource Unable to add the resource at [/WEB-INF/classes/] to the cache for web application [/MaterialGatePassSystem] because there was insufficient free space available after evicting expired cache entries - consider increasing the maximum size of the cache
15-Jun-2026 23:14:14.971 WARNING [http-nio-8080-exec-66] org.apache.catalina.webresources.Cache.getResource Unable to add the resource at [/WEB-INF/classes/] to the cache for web application [/MaterialGatePassSystem] because there was insufficient free space available after evicting expired cache entries - consider increasing the maximum size of the cache
15-Jun-2026 23:14:14.977 INFO [http-nio-8080-exec-66] org.apache.jasper.servlet.TldScanner.scanJars At least one JAR was scanned for TLDs yet contained no TLDs. Enable debug logging for this logger for a complete list of JARs that were scanned but no TLDs were found in them. Skipping unneeded JARs during scanning can improve startup time and JSP compilation time.
15-Jun-2026 23:14:14.980 WARNING [http-nio-8080-exec-66] org.apache.catalina.webresources.Cache.getResource Unable to add the resource at [/] to the cache for web application [/MaterialGatePassSystem] because there was insufficient free space available after evicting expired cache entries - consider increasing the maximum size of the cache
15-Jun-2026 23:14:14.980 INFO [http-nio-8080-exec-66] org.apache.catalina.core.StandardContext.reload Reloading Context with name [/MaterialGatePassSystem] is completed
15-Jun-2026 23:14:15.307 INFO [http-nio-8080-exec-67] org.apache.catalina.core.StandardContext.reload Reloading Context with name [/MaterialGatePassSystem] has started
15-Jun-2026 23:14:15.323 WARNING [http-nio-8080-exec-67] org.apache.tomcat.util.descriptor.web.WebXml.setVersion Unknown version string [6.0]. Default version will be used.
15-Jun-2026 23:14:15.842 WARNING [http-nio-8080-exec-67] org.apache.catalina.webresources.Cache.getResource Unable to add the resource at [/WEB-INF/classes/apache-tomcat-9.0.118/webapps/examples/WEB-INF/lib/taglibs-standard-impl-1.2.5.jar] to the cache for web application [/MaterialGatePassSystem] because there was insufficient free space available after evicting expired cache entries - consider increasing the maximum size of the cache
15-Jun-2026 23:14:15.847 WARNING [http-nio-8080-exec-67] org.apache.catalina.webresources.Cache.getResource Unable to add the resource at [/WEB-INF/classes/apache-tomcat-9.0.118/webapps/examples/websocket/chat.xhtml] to the cache for web application [/MaterialGatePassSystem] because there was insufficient free space available after evicting expired cache entries - consider increasing the maximum size of the cache
15-Jun-2026 23:14:15.848 WARNING [http-nio-8080-exec-67] org.apache.catalina.webresources.Cache.getResource Unable to add the resource at [/WEB-INF/classes/apache-tomcat-9.0.118/webapps/examples/websocket/drawboard.xhtml] to the cache for web application [/MaterialGatePassSystem] because there was insufficient free space available after evicting expired cache entries - consider increasing the maximum size of the cache
15-Jun-2026 23:14:15.848 WARNING [http-nio-8080-exec-67] org.apache.catalina.webresources.Cache.getResource Unable to add the resource at [/WEB-INF/classes/apache-tomcat-9.0.118/webapps/examples/websocket/echo.xhtml] to the cache for web application [/MaterialGatePassSystem] because there was insufficient free space available after evicting expired cache entries - consider increasing the maximum size of the cache
15-Jun-2026 23:14:15.850 WARNING [http-nio-8080-exec-67] org.apache.catalina.webresources.Cache.getResource Unable to add the resource at [/WEB-INF/classes/apache-tomcat-9.0.118/webapps/examples/websocket/snake.xhtml] to the cache for web application [/MaterialGatePassSystem] because there was insufficient free space available after evicting expired cache entries - consider increasing the maximum size of the cache
15-Jun-2026 23:14:15.852 WARNING [http-nio-8080-exec-67] org.apache.catalina.webresources.Cache.getResource Unable to add the resource at [/WEB-INF/classes/apache-tomcat-9.0.118/webapps/host-manager/index.jsp] to the cache for web application [/MaterialGatePassSystem] because there was insufficient free space available after evicting expired cache entries - consider increasing the maximum size of the cache
15-Jun-2026 23:14:15.852 WARNING [http-nio-8080-exec-67] org.apache.catalina.webresources.Cache.getResource Unable to add the resource at [/WEB-INF/classes/apache-tomcat-9.0.118/webapps/host-manager/META-INF] to the cache for web application [/MaterialGatePassSystem] because there was insufficient free space available after evicting expired cache entries - consider increasing the maximum size of the cache
15-Jun-2026 23:14:15.852 WARNING [http-nio-8080-exec-67] org.apache.catalina.webresources.Cache.getResource Unable to add the resource at [/WEB-INF/classes/apache-tomcat-9.0.118/webapps/host-manager/WEB-INF] to the cache for web application [/MaterialGatePassSystem] because there was insufficient free space available after evicting expired cache entries - consider increasing the maximum size of the cache
15-Jun-2026 23:14:15.855 WARNING [http-nio-8080-exec-67] org.apache.catalina.webresources.Cache.getResource Unable to add the resource at [/WEB-INF/classes/apache-tomcat-9.0.118/webapps/host-manager/css/manager.css] to the cache for web application [/MaterialGatePassSystem] because there was insufficient free space available after evicting expired cache entries - consider increasing the maximum size of the cache
15-Jun-2026 23:14:15.856 WARNING [http-nio-8080-exec-67] org.apache.catalina.webresources.Cache.getResource Unable to add the resource at [/WEB-INF/classes/apache-tomcat-9.0.118/webapps/host-manager/images/asf-logo.svg] to the cache for web application [/MaterialGatePassSystem] because there was insufficient free space available after evicting expired cache entries - consider increasing the maximum size of the cache
15-Jun-2026 23:14:15.909 WARNING [http-nio-8080-exec-67] org.apache.catalina.webresources.Cache.getResource Unable to add the resource at [/WEB-INF/classes/apache-tomcat-9.0.118/webapps/host-manager/images/favicon.ico] to the cache for web application [/MaterialGatePassSystem] because there was insufficient free space available after evicting expired cache entries - consider increasing the maximum size of the cache
15-Jun-2026 23:14:15.910 WARNING [http-nio-8080-exec-67] org.apache.catalina.webresources.Cache.getResource Unable to add the resource at [/WEB-INF/classes/apache-tomcat-9.0.118/webapps/host-manager/images/tomcat.svg] to the cache for web application [/MaterialGatePassSystem] because there was insufficient free space available after evicting expired cache entries - consider increasing the maximum size of the cache
15-Jun-2026 23:14:15.912 WARNING [http-nio-8080-exec-67] org.apache.catalina.webresources.Cache.getResource Unable to add the resource at [/WEB-INF/classes/apache-tomcat-9.0.118/webapps/host-manager/META-INF/context.xml] to the cache for web application [/MaterialGatePassSystem] because there was insufficient free space available after evicting expired cache entries - consider increasing the maximum size of the cache
15-Jun-2026 23:14:15.914 WARNING [http-nio-8080-exec-67] org.apache.catalina.webresources.Cache.getResource Unable to add the resource at [/WEB-INF/classes/apache-tomcat-9.0.118/webapps/host-manager/WEB-INF/jsp] to the cache for web application [/MaterialGatePassSystem] because there was insufficient free space available after evicting expired cache entries - consider increasing the maximum size of the cache
15-Jun-2026 23:14:15.914 WARNING [http-nio-8080-exec-67] org.apache.catalina.webresources.Cache.getResource Unable to add the resource at [/WEB-INF/classes/apache-tomcat-9.0.118/webapps/host-manager/WEB-INF/manager.xml] to the cache for web application [/MaterialGatePassSystem] because there was insufficient free space available after evicting expired cache entries - consider increasing the maximum size of the cache
15-Jun-2026 23:14:15.915 WARNING [http-nio-8080-exec-67] org.apache.catalina.webresources.Cache.getResource Unable to add the resource at [/WEB-INF/classes/apache-tomcat-9.0.118/webapps/host-manager/WEB-INF/web.xml] to the cache for web application [/MaterialGatePassSystem] because there was insufficient free space available after evicting expired cache entries - consider increasing the maximum size of the cache
15-Jun-2026 23:14:15.916 WARNING [http-nio-8080-exec-67] org.apache.catalina.webresources.Cache.getResource Unable to add the resource at [/WEB-INF/classes/apache-tomcat-9.0.118/webapps/host-manager/WEB-INF/jsp/401.jsp] to the cache for web application [/MaterialGatePassSystem] because there was insufficient free space available after evicting expired cache entries - consider increasing the maximum size of the cache
15-Jun-2026 23:14:15.918 WARNING [http-nio-8080-exec-67] org.apache.catalina.webresources.Cache.getResource Unable to add the resource at [/WEB-INF/classes/apache-tomcat-9.0.118/webapps/host-manager/WEB-INF/jsp/403.jsp] to the cache for web application [/MaterialGatePassSystem] because there was insufficient free space available after evicting expired cache entries - consider increasing the maximum size of the cache
15-Jun-2026 23:14:15.918 WARNING [http-nio-8080-exec-67] org.apache.catalina.webresources.Cache.getResource Unable to add the resource at [/WEB-INF/classes/apache-tomcat-9.0.118/webapps/host-manager/WEB-INF/jsp/404.jsp] to the cache for web application [/MaterialGatePassSystem] because there was insufficient free space available after evicting expired cache entries - consider increasing the maximum size of the cache
15-Jun-2026 23:14:15.920 WARNING [http-nio-8080-exec-67] org.apache.catalina.webresources.Cache.getResource Unable to add the resource at [/WEB-INF/classes/apache-tomcat-9.0.118/webapps/manager/css] to the cache for web application [/MaterialGatePassSystem] because there was insufficient free space available after evicting expired cache entries - consider increasing the maximum size of the cache
15-Jun-2026 23:14:15.959 WARNING [http-nio-8080-exec-67] org.apache.catalina.webresources.Cache.getResource Unable to add the resource at [/WEB-INF/classes/apache-tomcat-9.0.118/webapps/manager/images] to the cache for web application [/MaterialGatePassSystem] because there was insufficient free space available after evicting expired cache entries - consider increasing the maximum size of the cache
15-Jun-2026 23:14:15.960 WARNING [http-nio-8080-exec-67] org.apache.catalina.webresources.Cache.getResource Unable to add the resource at [/WEB-INF/classes/apache-tomcat-9.0.118/webapps/manager/index.jsp] to the cache for web application [/MaterialGatePassSystem] because there was insufficient free space available after evicting expired cache entries - consider increasing the maximum size of the cache
15-Jun-2026 23:14:15.961 WARNING [http-nio-8080-exec-67] org.apache.catalina.webresources.Cache.getResource Unable to add the resource at [/WEB-INF/classes/apache-tomcat-9.0.118/webapps/manager/META-INF] to the cache for web application [/MaterialGatePassSystem] because there was insufficient free space available after evicting expired cache entries - consider increasing the maximum size of the cache
15-Jun-2026 23:14:15.962 WARNING [http-nio-8080-exec-67] org.apache.catalina.webresources.Cache.getResource Unable to add the resource at [/WEB-INF/classes/apache-tomcat-9.0.118/webapps/manager/status.xsd] to the cache for web application [/MaterialGatePassSystem] because there was insufficient free space available after evicting expired cache entries - consider increasing the maximum size of the cache
15-Jun-2026 23:14:15.962 WARNING [http-nio-8080-exec-67] org.apache.catalina.webresources.Cache.getResource Unable to add the resource at [/WEB-INF/classes/apache-tomcat-9.0.118/webapps/manager/WEB-INF] to the cache for web application [/MaterialGatePassSystem] because there was insufficient free space available after evicting expired cache entries - consider increasing the maximum size of the cache
15-Jun-2026 23:14:15.964 WARNING [http-nio-8080-exec-67] org.apache.catalina.webresources.Cache.getResource Unable to add the resource at [/WEB-INF/classes/apache-tomcat-9.0.118/webapps/manager/xform.xsl] to the cache for web application [/MaterialGatePassSystem] because there was insufficient free space available after evicting expired cache entries - consider increasing the maximum size of the cache
15-Jun-2026 23:14:15.964 WARNING [http-nio-8080-exec-67] org.apache.catalina.webresources.Cache.getResource Unable to add the resource at [/WEB-INF/classes/apache-tomcat-9.0.118/webapps/manager/css/manager.css] to the cache for web application [/MaterialGatePassSystem] because there was insufficient free space available after evicting expired cache entries - consider increasing the maximum size of the cache
15-Jun-2026 23:14:15.964 WARNING [http-nio-8080-exec-67] org.apache.catalina.webresources.Cache.getResource Unable to add the resource at [/WEB-INF/classes/apache-tomcat-9.0.118/webapps/manager/images/asf-logo.svg] to the cache for web application [/MaterialGatePassSystem] because there was insufficient free space available after evicting expired cache entries - consider increasing the maximum size of the cache
15-Jun-2026 23:14:15.964 WARNING [http-nio-8080-exec-67] org.apache.catalina.webresources.Cache.getResource Unable to add the resource at [/WEB-INF/classes/apache-tomcat-9.0.118/webapps/manager/images/favicon.ico] to the cache for web application [/MaterialGatePassSystem] because there was insufficient free space available after evicting expired cache entries - consider increasing the maximum size of the cache
15-Jun-2026 23:14:15.967 WARNING [http-nio-8080-exec-67] org.apache.catalina.webresources.Cache.getResource Unable to add the resource at [/WEB-INF/classes/apache-tomcat-9.0.118/webapps/manager/images/tomcat.svg] to the cache for web application [/MaterialGatePassSystem] because there was insufficient free space available after evicting expired cache entries - consider increasing the maximum size of the cache
15-Jun-2026 23:14:15.967 WARNING [http-nio-8080-exec-67] org.apache.catalina.webresources.Cache.getResource Unable to add the resource at [/WEB-INF/classes/apache-tomcat-9.0.118/webapps/manager/META-INF/context.xml] to the cache for web application [/MaterialGatePassSystem] because there was insufficient free space available after evicting expired cache entries - consider increasing the maximum size of the cache
15-Jun-2026 23:14:16.011 WARNING [http-nio-8080-exec-67] org.apache.catalina.webresources.Cache.getResource Unable to add the resource at [/WEB-INF/classes/apache-tomcat-9.0.118/webapps/manager/WEB-INF/jsp] to the cache for web application [/MaterialGatePassSystem] because there was insufficient free space available after evicting expired cache entries - consider increasing the maximum size of the cache
15-Jun-2026 23:14:16.011 WARNING [http-nio-8080-exec-67] org.apache.catalina.webresources.Cache.getResource Unable to add the resource at [/WEB-INF/classes/apache-tomcat-9.0.118/webapps/manager/WEB-INF/web.xml] to the cache for web application [/MaterialGatePassSystem] because there was insufficient free space available after evicting expired cache entries - consider increasing the maximum size of the cache
15-Jun-2026 23:14:16.012 WARNING [http-nio-8080-exec-67] org.apache.catalina.webresources.Cache.getResource Unable to add the resource at [/WEB-INF/classes/apache-tomcat-9.0.118/webapps/manager/WEB-INF/jsp/401.jsp] to the cache for web application [/MaterialGatePassSystem] because there was insufficient free space available after evicting expired cache entries - consider increasing the maximum size of the cache
15-Jun-2026 23:14:16.014 WARNING [http-nio-8080-exec-67] org.apache.catalina.webresources.Cache.getResource Unable to add the resource at [/WEB-INF/classes/apache-tomcat-9.0.118/webapps/manager/WEB-INF/jsp/403.jsp] to the cache for web application [/MaterialGatePassSystem] because there was insufficient free space available after evicting expired cache entries - consider increasing the maximum size of the cache
15-Jun-2026 23:14:16.015 WARNING [http-nio-8080-exec-67] org.apache.catalina.webresources.Cache.getResource Unable to add the resource at [/WEB-INF/classes/apache-tomcat-9.0.118/webapps/manager/WEB-INF/jsp/404.jsp] to the cache for web application [/MaterialGatePassSystem] because there was insufficient free space available after evicting expired cache entries - consider increasing the maximum size of the cache
15-Jun-2026 23:14:16.016 WARNING [http-nio-8080-exec-67] org.apache.catalina.webresources.Cache.getResource Unable to add the resource at [/WEB-INF/classes/apache-tomcat-9.0.118/webapps/manager/WEB-INF/jsp/connectorCerts.jsp] to the cache for web application [/MaterialGatePassSystem] because there was insufficient free space available after evicting expired cache entries - consider increasing the maximum size of the cache
15-Jun-2026 23:14:16.016 WARNING [http-nio-8080-exec-67] org.apache.catalina.webresources.Cache.getResource Unable to add the resource at [/WEB-INF/classes/apache-tomcat-9.0.118/webapps/manager/WEB-INF/jsp/connectorCiphers.jsp] to the cache for web application [/MaterialGatePassSystem] because there was insufficient free space available after evicting expired cache entries - consider increasing the maximum size of the cache
15-Jun-2026 23:14:16.017 WARNING [http-nio-8080-exec-67] org.apache.catalina.webresources.Cache.getResource Unable to add the resource at [/WEB-INF/classes/apache-tomcat-9.0.118/webapps/manager/WEB-INF/jsp/connectorTrustedCerts.jsp] to the cache for web application [/MaterialGatePassSystem] because there was insufficient free space available after evicting expired cache entries - consider increasing the maximum size of the cache
15-Jun-2026 23:14:16.018 WARNING [http-nio-8080-exec-67] org.apache.catalina.webresources.Cache.getResource Unable to add the resource at [/WEB-INF/classes/apache-tomcat-9.0.118/webapps/manager/WEB-INF/jsp/sessionDetail.jsp] to the cache for web application [/MaterialGatePassSystem] because there was insufficient free space available after evicting expired cache entries - consider increasing the maximum size of the cache
15-Jun-2026 23:14:16.018 WARNING [http-nio-8080-exec-67] org.apache.catalina.webresources.Cache.getResource Unable to add the resource at [/WEB-INF/classes/apache-tomcat-9.0.118/webapps/manager/WEB-INF/jsp/sessionsList.jsp] to the cache for web application [/MaterialGatePassSystem] because there was insufficient free space available after evicting expired cache entries - consider increasing the maximum size of the cache
15-Jun-2026 23:14:16.067 WARNING [http-nio-8080-exec-67] org.apache.catalina.webresources.Cache.getResource Unable to add the resource at [/WEB-INF/classes/apache-tomcat-9.0.118/webapps/ROOT/asf-logo-wide.svg] to the cache for web application [/MaterialGatePassSystem] because there was insufficient free space available after evicting expired cache entries - consider increasing the maximum size of the cache
15-Jun-2026 23:14:16.068 WARNING [http-nio-8080-exec-67] org.apache.catalina.webresources.Cache.getResource Unable to add the resource at [/WEB-INF/classes/apache-tomcat-9.0.118/webapps/ROOT/bg-button.png] to the cache for web application [/MaterialGatePassSystem] because there was insufficient free space available after evicting expired cache entries - consider increasing the maximum size of the cache
15-Jun-2026 23:14:16.069 WARNING [http-nio-8080-exec-67] org.apache.catalina.webresources.Cache.getResource Unable to add the resource at [/WEB-INF/classes/apache-tomcat-9.0.118/webapps/ROOT/bg-middle.png] to the cache for web application [/MaterialGatePassSystem] because there was insufficient free space available after evicting expired cache entries - consider increasing the maximum size of the cache
15-Jun-2026 23:14:16.070 WARNING [http-nio-8080-exec-67] org.apache.catalina.webresources.Cache.getResource Unable to add the resource at [/WEB-INF/classes/apache-tomcat-9.0.118/webapps/ROOT/bg-nav.png] to the cache for web application [/MaterialGatePassSystem] because there was insufficient free space available after evicting expired cache entries - consider increasing the maximum size of the cache
15-Jun-2026 23:14:16.070 WARNING [http-nio-8080-exec-67] org.apache.catalina.webresources.Cache.getResource Unable to add the resource at [/WEB-INF/classes/apache-tomcat-9.0.118/webapps/ROOT/bg-upper.png] to the cache for web application [/MaterialGatePassSystem] because there was insufficient free space available after evicting expired cache entries - consider increasing the maximum size of the cache
15-Jun-2026 23:14:16.071 WARNING [http-nio-8080-exec-67] org.apache.catalina.webresources.Cache.getResource Unable to add the resource at [/WEB-INF/classes/apache-tomcat-9.0.118/webapps/ROOT/favicon.ico] to the cache for web application [/MaterialGatePassSystem] because there was insufficient free space available after evicting expired cache entries - consider increasing the maximum size of the cache
15-Jun-2026 23:14:16.071 WARNING [http-nio-8080-exec-67] org.apache.catalina.webresources.Cache.getResource Unable to add the resource at [/WEB-INF/classes/apache-tomcat-9.0.118/webapps/ROOT/index.jsp] to the cache for web application [/MaterialGatePassSystem] because there was insufficient free space available after evicting expired cache entries - consider increasing the maximum size of the cache
15-Jun-2026 23:14:16.072 WARNING [http-nio-8080-exec-67] org.apache.catalina.webresources.Cache.getResource Unable to add the resource at [/WEB-INF/classes/apache-tomcat-9.0.118/webapps/ROOT/RELEASE-NOTES.txt] to the cache for web application [/MaterialGatePassSystem] because there was insufficient free space available after evicting expired cache entries - consider increasing the maximum size of the cache
15-Jun-2026 23:14:16.072 WARNING [http-nio-8080-exec-67] org.apache.catalina.webresources.Cache.getResource Unable to add the resource at [/WEB-INF/classes/apache-tomcat-9.0.118/webapps/ROOT/tomcat.css] to the cache for web application [/MaterialGatePassSystem] because there was insufficient free space available after evicting expired cache entries - consider increasing the maximum size of the cache
15-Jun-2026 23:14:16.074 WARNING [http-nio-8080-exec-67] org.apache.catalina.webresources.Cache.getResource Unable to add the resource at [/WEB-INF/classes/apache-tomcat-9.0.118/webapps/ROOT/tomcat.svg] to the cache for web application [/MaterialGatePassSystem] because there was insufficient free space available after evicting expired cache entries - consider increasing the maximum size of the cache
15-Jun-2026 23:14:16.075 WARNING [http-nio-8080-exec-67] org.apache.catalina.webresources.Cache.getResource Unable to add the resource at [/WEB-INF/classes/apache-tomcat-9.0.118/webapps/ROOT/WEB-INF] to the cache for web application [/MaterialGatePassSystem] because there was insufficient free space available after evicting expired cache entries - consider increasing the maximum size of the cache
15-Jun-2026 23:14:16.117 WARNING [http-nio-8080-exec-67] org.apache.catalina.webresources.Cache.getResource Unable to add the resource at [/WEB-INF/classes/apache-tomcat-9.0.118/webapps/ROOT/WEB-INF/web.xml] to the cache for web application [/MaterialGatePassSystem] because there was insufficient free space available after evicting expired cache entries - consider increasing the maximum size of the cache
15-Jun-2026 23:14:16.120 WARNING [http-nio-8080-exec-67] org.apache.catalina.webresources.Cache.getResource Unable to add the resource at [/WEB-INF/classes/apache-tomcat-9.0.118/work/Catalina] to the cache for web application [/MaterialGatePassSystem] because there was insufficient free space available after evicting expired cache entries - consider increasing the maximum size of the cache
15-Jun-2026 23:14:16.121 WARNING [http-nio-8080-exec-67] org.apache.catalina.webresources.Cache.getResource Unable to add the resource at [/WEB-INF/classes/apache-tomcat-9.0.118/work/Catalina/localhost] to the cache for web application [/MaterialGatePassSystem] because there was insufficient free space available after evicting expired cache entries - consider increasing the maximum size of the cache
15-Jun-2026 23:14:16.123 WARNING [http-nio-8080-exec-67] org.apache.catalina.webresources.Cache.getResource Unable to add the resource at [/WEB-INF/classes/apache-tomcat-9.0.118/work/Catalina/localhost/docs] to the cache for web application [/MaterialGatePassSystem] because there was insufficient free space available after evicting expired cache entries - consider increasing the maximum size of the cache
15-Jun-2026 23:14:16.124 WARNING [http-nio-8080-exec-67] org.apache.catalina.webresources.Cache.getResource Unable to add the resource at [/WEB-INF/classes/apache-tomcat-9.0.118/work/Catalina/localhost/examples] to the cache for web application [/MaterialGatePassSystem] because there was insufficient free space available after evicting expired cache entries - consider increasing the maximum size of the cache
15-Jun-2026 23:14:16.124 WARNING [http-nio-8080-exec-67] org.apache.catalina.webresources.Cache.getResource Unable to add the resource at [/WEB-INF/classes/apache-tomcat-9.0.118/work/Catalina/localhost/Gatepassweb] to the cache for web application [/MaterialGatePassSystem] because there was insufficient free space available after evicting expired cache entries - consider increasing the maximum size of the cache
15-Jun-2026 23:14:16.125 WARNING [http-nio-8080-exec-67] org.apache.catalina.webresources.Cache.getResource Unable to add the resource at [/WEB-INF/classes/apache-tomcat-9.0.118/work/Catalina/localhost/host-manager] to the cache for web application [/MaterialGatePassSystem] because there was insufficient free space available after evicting expired cache entries - consider increasing the maximum size of the cache
15-Jun-2026 23:14:16.126 WARNING [http-nio-8080-exec-67] org.apache.catalina.webresources.Cache.getResource Unable to add the resource at [/WEB-INF/classes/apache-tomcat-9.0.118/work/Catalina/localhost/manager] to the cache for web application [/MaterialGatePassSystem] because there was insufficient free space available after evicting expired cache entries - consider increasing the maximum size of the cache
15-Jun-2026 23:14:16.127 WARNING [http-nio-8080-exec-67] org.apache.catalina.webresources.Cache.getResource Unable to add the resource at [/WEB-INF/classes/apache-tomcat-9.0.118/work/Catalina/localhost/ROOT] to the cache for web application [/MaterialGatePassSystem] because there was insufficient free space available after evicting expired cache entries - consider increasing the maximum size of the cache
15-Jun-2026 23:14:16.132 WARNING [http-nio-8080-exec-67] org.apache.catalina.webresources.Cache.getResource Unable to add the resource at [/WEB-INF/classes/com/mgps] to the cache for web application [/MaterialGatePassSystem] because there was insufficient free space available after evicting expired cache entries - consider increasing the maximum size of the cache
15-Jun-2026 23:14:16.134 WARNING [http-nio-8080-exec-67] org.apache.catalina.webresources.Cache.getResource Unable to add the resource at [/WEB-INF/classes/com/mgps/servlet] to the cache for web application [/MaterialGatePassSystem] because there was insufficient free space available after evicting expired cache entries - consider increasing the maximum size of the cache
15-Jun-2026 23:14:16.167 WARNING [http-nio-8080-exec-67] org.apache.catalina.webresources.Cache.getResource Unable to add the resource at [/WEB-INF/classes/com/mgps/util] to the cache for web application [/MaterialGatePassSystem] because there was insufficient free space available after evicting expired cache entries - consider increasing the maximum size of the cache
15-Jun-2026 23:14:16.324 WARNING [http-nio-8080-exec-67] org.apache.catalina.webresources.Cache.getResource Unable to add the resource at [/WEB-INF/classes/] to the cache for web application [/MaterialGatePassSystem] because there was insufficient free space available after evicting expired cache entries - consider increasing the maximum size of the cache
15-Jun-2026 23:14:16.326 WARNING [http-nio-8080-exec-67] org.apache.catalina.webresources.Cache.getResource Unable to add the resource at [/WEB-INF/classes/] to the cache for web application [/MaterialGatePassSystem] because there was insufficient free space available after evicting expired cache entries - consider increasing the maximum size of the cache
15-Jun-2026 23:14:16.328 WARNING [http-nio-8080-exec-67] org.apache.catalina.webresources.Cache.getResource Unable to add the resource at [/WEB-INF/classes/] to the cache for web application [/MaterialGatePassSystem] because there was insufficient free space available after evicting expired cache entries - consider increasing the maximum size of the cache
15-Jun-2026 23:14:16.329 WARNING [http-nio-8080-exec-67] org.apache.catalina.webresources.Cache.getResource Unable to add the resource at [/WEB-INF/classes/] to the cache for web application [/MaterialGatePassSystem] because there was insufficient free space available after evicting expired cache entries - consider increasing the maximum size of the cache
15-Jun-2026 23:14:16.331 WARNING [http-nio-8080-exec-67] org.apache.catalina.webresources.Cache.getResource Unable to add the resource at [/WEB-INF/classes/] to the cache for web application [/MaterialGatePassSystem] because there was insufficient free space available after evicting expired cache entries - consider increasing the maximum size of the cache
15-Jun-2026 23:14:16.332 WARNING [http-nio-8080-exec-67] org.apache.catalina.webresources.Cache.getResource Unable to add the resource at [/WEB-INF/classes/] to the cache for web application [/MaterialGatePassSystem] because there was insufficient free space available after evicting expired cache entries - consider increasing the maximum size of the cache
15-Jun-2026 23:14:16.339 INFO [http-nio-8080-exec-67] org.apache.jasper.servlet.TldScanner.scanJars At least one JAR was scanned for TLDs yet contained no TLDs. Enable debug logging for this logger for a complete list of JARs that were scanned but no TLDs were found in them. Skipping unneeded JARs during scanning can improve startup time and JSP compilation time.
15-Jun-2026 23:14:16.342 WARNING [http-nio-8080-exec-67] org.apache.catalina.webresources.Cache.getResource Unable to add the resource at [/] to the cache for web application [/MaterialGatePassSystem] because there was insufficient free space available after evicting expired cache entries - consider increasing the maximum size of the cache
15-Jun-2026 23:14:16.342 INFO [http-nio-8080-exec-67] org.apache.catalina.core.StandardContext.reload Reloading Context with name [/MaterialGatePassSystem] is completed
15-Jun-2026 23:14:19.905 INFO [Catalina-utility-1] org.apache.catalina.webresources.Cache.backgroundProcess The background cache eviction process was unable to free [10] percent of the cache for Context [/MaterialGatePassSystem] - consider increasing the maximum size of the cache. After eviction approximately [10,239] KiB of data remained in the cache.
15-Jun-2026 23:14:57.706 INFO [http-nio-8080-exec-73] org.apache.catalina.startup.HostConfig.undeploy Undeploying context [/MaterialGatePassSystem]
15-Jun-2026 23:15:06.709 INFO [http-nio-8080-exec-68] org.apache.catalina.startup.HostConfig.deployDescriptor Deploying deployment descriptor [C:\Users\rosha\Downloads\apache-tomcat-9.0.118-windows-x64\apache-tomcat-9.0.118\conf\Catalina\localhost\MaterialGatePassSystem.xml]
15-Jun-2026 23:15:06.710 WARNING [http-nio-8080-exec-68] org.apache.catalina.startup.HostConfig.deployDescriptor The path attribute with value [/MaterialGatePassSystem] in deployment descriptor [C:\Users\rosha\Downloads\apache-tomcat-9.0.118-windows-x64\apache-tomcat-9.0.118\conf\Catalina\localhost\MaterialGatePassSystem.xml] has been ignored
15-Jun-2026 23:15:06.726 WARNING [http-nio-8080-exec-68] org.apache.tomcat.util.descriptor.web.WebXml.setVersion Unknown version string [6.0]. Default version will be used.
15-Jun-2026 23:15:07.187 WARNING [http-nio-8080-exec-68] org.apache.catalina.webresources.Cache.getResource Unable to add the resource at [/WEB-INF/classes/apache-tomcat-9.0.118/webapps/examples/WEB-INF/classes/websocket/drawboard/DrawMessage.java] to the cache for web application [/MaterialGatePassSystem] because there was insufficient free space available after evicting expired cache entries - consider increasing the maximum size of the cache
15-Jun-2026 23:15:07.188 WARNING [http-nio-8080-exec-68] org.apache.catalina.webresources.Cache.getResource Unable to add the resource at [/WEB-INF/classes/apache-tomcat-9.0.118/webapps/examples/WEB-INF/classes/websocket/drawboard/Room.java] to the cache for web application [/MaterialGatePassSystem] because there was insufficient free space available after evicting expired cache entries - consider increasing the maximum size of the cache
15-Jun-2026 23:15:07.194 WARNING [http-nio-8080-exec-68] org.apache.catalina.webresources.Cache.getResource Unable to add the resource at [/WEB-INF/classes/apache-tomcat-9.0.118/webapps/examples/WEB-INF/classes/websocket/drawboard/wsmessages/StringWebsocketMessage.java] to the cache for web application [/MaterialGatePassSystem] because there was insufficient free space available after evicting expired cache entries - consider increasing the maximum size of the cache
15-Jun-2026 23:15:07.197 WARNING [http-nio-8080-exec-68] org.apache.catalina.webresources.Cache.getResource Unable to add the resource at [/WEB-INF/classes/apache-tomcat-9.0.118/webapps/examples/WEB-INF/classes/websocket/echo/EchoAnnotation.java] to the cache for web application [/MaterialGatePassSystem] because there was insufficient free space available after evicting expired cache entries - consider increasing the maximum size of the cache
15-Jun-2026 23:15:07.197 WARNING [http-nio-8080-exec-68] org.apache.catalina.webresources.Cache.getResource Unable to add the resource at [/WEB-INF/classes/apache-tomcat-9.0.118/webapps/examples/WEB-INF/classes/websocket/echo/EchoAsyncAnnotation.java] to the cache for web application [/MaterialGatePassSystem] because there was insufficient free space available after evicting expired cache entries - consider increasing the maximum size of the cache
15-Jun-2026 23:15:07.198 WARNING [http-nio-8080-exec-68] org.apache.catalina.webresources.Cache.getResource Unable to add the resource at [/WEB-INF/classes/apache-tomcat-9.0.118/webapps/examples/WEB-INF/classes/websocket/echo/EchoEndpoint.java] to the cache for web application [/MaterialGatePassSystem] because there was insufficient free space available after evicting expired cache entries - consider increasing the maximum size of the cache
15-Jun-2026 23:15:07.199 WARNING [http-nio-8080-exec-68] org.apache.catalina.webresources.Cache.getResource Unable to add the resource at [/WEB-INF/classes/apache-tomcat-9.0.118/webapps/examples/WEB-INF/classes/websocket/echo/EchoStreamAnnotation.java] to the cache for web application [/MaterialGatePassSystem] because there was insufficient free space available after evicting expired cache entries - consider increasing the maximum size of the cache
15-Jun-2026 23:15:07.202 WARNING [http-nio-8080-exec-68] org.apache.catalina.webresources.Cache.getResource Unable to add the resource at [/WEB-INF/classes/apache-tomcat-9.0.118/webapps/examples/WEB-INF/classes/websocket/snake/Direction.java] to the cache for web application [/MaterialGatePassSystem] because there was insufficient free space available after evicting expired cache entries - consider increasing the maximum size of the cache
15-Jun-2026 23:15:07.203 WARNING [http-nio-8080-exec-68] org.apache.catalina.webresources.Cache.getResource Unable to add the resource at [/WEB-INF/classes/apache-tomcat-9.0.118/webapps/examples/WEB-INF/classes/websocket/snake/Location.java] to the cache for web application [/MaterialGatePassSystem] because there was insufficient free space available after evicting expired cache entries - consider increasing the maximum size of the cache
15-Jun-2026 23:15:07.203 WARNING [http-nio-8080-exec-68] org.apache.catalina.webresources.Cache.getResource Unable to add the resource at [/WEB-INF/classes/apache-tomcat-9.0.118/webapps/examples/WEB-INF/classes/websocket/snake/Snake.java] to the cache for web application [/MaterialGatePassSystem] because there was insufficient free space available after evicting expired cache entries - consider increasing the maximum size of the cache
15-Jun-2026 23:15:07.204 WARNING [http-nio-8080-exec-68] org.apache.catalina.webresources.Cache.getResource Unable to add the resource at [/WEB-INF/classes/apache-tomcat-9.0.118/webapps/examples/WEB-INF/classes/websocket/snake/SnakeAnnotation.java] to the cache for web application [/MaterialGatePassSystem] because there was insufficient free space available after evicting expired cache entries - consider increasing the maximum size of the cache
15-Jun-2026 23:15:07.206 WARNING [http-nio-8080-exec-68] org.apache.catalina.webresources.Cache.getResource Unable to add the resource at [/WEB-INF/classes/apache-tomcat-9.0.118/webapps/examples/WEB-INF/classes/websocket/snake/SnakeTimer.java] to the cache for web application [/MaterialGatePassSystem] because there was insufficient free space available after evicting expired cache entries - consider increasing the maximum size of the cache
15-Jun-2026 23:15:07.246 WARNING [http-nio-8080-exec-68] org.apache.catalina.webresources.Cache.getResource Unable to add the resource at [/WEB-INF/classes/apache-tomcat-9.0.118/webapps/examples/WEB-INF/jsp/403.jsp] to the cache for web application [/MaterialGatePassSystem] because there was insufficient free space available after evicting expired cache entries - consider increasing the maximum size of the cache
15-Jun-2026 23:15:07.247 WARNING [http-nio-8080-exec-68] org.apache.catalina.webresources.Cache.getResource Unable to add the resource at [/WEB-INF/classes/apache-tomcat-9.0.118/webapps/examples/WEB-INF/jsp/403.jsp.html] to the cache for web application [/MaterialGatePassSystem] because there was insufficient free space available after evicting expired cache entries - consider increasing the maximum size of the cache
15-Jun-2026 23:15:07.247 WARNING [http-nio-8080-exec-68] org.apache.catalina.webresources.Cache.getResource Unable to add the resource at [/WEB-INF/classes/apache-tomcat-9.0.118/webapps/examples/WEB-INF/jsp/debug-taglib.tld] to the cache for web application [/MaterialGatePassSystem] because there was insufficient free space available after evicting expired cache entries - consider increasing the maximum size of the cache
15-Jun-2026 23:15:07.247 WARNING [http-nio-8080-exec-68] org.apache.catalina.webresources.Cache.getResource Unable to add the resource at [/WEB-INF/classes/apache-tomcat-9.0.118/webapps/examples/WEB-INF/jsp/example-taglib.tld] to the cache for web application [/MaterialGatePassSystem] because there was insufficient free space available after evicting expired cache entries - consider increasing the maximum size of the cache
15-Jun-2026 23:15:07.247 WARNING [http-nio-8080-exec-68] org.apache.catalina.webresources.Cache.getResource Unable to add the resource at [/WEB-INF/classes/apache-tomcat-9.0.118/webapps/examples/WEB-INF/jsp/jsp2-example-taglib.tld] to the cache for web application [/MaterialGatePassSystem] because there was insufficient free space available after evicting expired cache entries - consider increasing the maximum size of the cache
15-Jun-2026 23:15:07.247 WARNING [http-nio-8080-exec-68] org.apache.catalina.webresources.Cache.getResource Unable to add the resource at [/WEB-INF/classes/apache-tomcat-9.0.118/webapps/examples/WEB-INF/lib/taglibs-standard-impl-1.2.5.jar] to the cache for web application [/MaterialGatePassSystem] because there was insufficient free space available after evicting expired cache entries - consider increasing the maximum size of the cache
15-Jun-2026 23:15:07.247 WARNING [http-nio-8080-exec-68] org.apache.catalina.webresources.Cache.getResource Unable to add the resource at [/WEB-INF/classes/apache-tomcat-9.0.118/webapps/examples/WEB-INF/lib/taglibs-standard-spec-1.2.5.jar] to the cache for web application [/MaterialGatePassSystem] because there was insufficient free space available after evicting expired cache entries - consider increasing the maximum size of the cache
15-Jun-2026 23:15:07.253 WARNING [http-nio-8080-exec-68] org.apache.catalina.webresources.Cache.getResource Unable to add the resource at [/WEB-INF/classes/apache-tomcat-9.0.118/webapps/examples/WEB-INF/tags/displayProducts.tag] to the cache for web application [/MaterialGatePassSystem] because there was insufficient free space available after evicting expired cache entries - consider increasing the maximum size of the cache
15-Jun-2026 23:15:07.253 WARNING [http-nio-8080-exec-68] org.apache.catalina.webresources.Cache.getResource Unable to add the resource at [/WEB-INF/classes/apache-tomcat-9.0.118/webapps/examples/WEB-INF/tags/helloWorld.tag] to the cache for web application [/MaterialGatePassSystem] because there was insufficient free space available after evicting expired cache entries - consider increasing the maximum size of the cache
15-Jun-2026 23:15:07.253 WARNING [http-nio-8080-exec-68] org.apache.catalina.webresources.Cache.getResource Unable to add the resource at [/WEB-INF/classes/apache-tomcat-9.0.118/webapps/examples/WEB-INF/tags/panel.tag] to the cache for web application [/MaterialGatePassSystem] because there was insufficient free space available after evicting expired cache entries - consider increasing the maximum size of the cache
15-Jun-2026 23:15:07.297 WARNING [http-nio-8080-exec-68] org.apache.catalina.webresources.Cache.getResource Unable to add the resource at [/WEB-INF/classes/apache-tomcat-9.0.118/webapps/examples/websocket/chat.xhtml] to the cache for web application [/MaterialGatePassSystem] because there was insufficient free space available after evicting expired cache entries - consider increasing the maximum size of the cache
15-Jun-2026 23:15:07.297 WARNING [http-nio-8080-exec-68] org.apache.catalina.webresources.Cache.getResource Unable to add the resource at [/WEB-INF/classes/apache-tomcat-9.0.118/webapps/examples/websocket/drawboard.xhtml] to the cache for web application [/MaterialGatePassSystem] because there was insufficient free space available after evicting expired cache entries - consider increasing the maximum size of the cache
15-Jun-2026 23:15:07.297 WARNING [http-nio-8080-exec-68] org.apache.catalina.webresources.Cache.getResource Unable to add the resource at [/WEB-INF/classes/apache-tomcat-9.0.118/webapps/examples/websocket/echo.xhtml] to the cache for web application [/MaterialGatePassSystem] because there was insufficient free space available after evicting expired cache entries - consider increasing the maximum size of the cache
15-Jun-2026 23:15:07.297 WARNING [http-nio-8080-exec-68] org.apache.catalina.webresources.Cache.getResource Unable to add the resource at [/WEB-INF/classes/apache-tomcat-9.0.118/webapps/examples/websocket/index.xhtml] to the cache for web application [/MaterialGatePassSystem] because there was insufficient free space available after evicting expired cache entries - consider increasing the maximum size of the cache
15-Jun-2026 23:15:07.297 WARNING [http-nio-8080-exec-68] org.apache.catalina.webresources.Cache.getResource Unable to add the resource at [/WEB-INF/classes/apache-tomcat-9.0.118/webapps/examples/websocket/snake.xhtml] to the cache for web application [/MaterialGatePassSystem] because there was insufficient free space available after evicting expired cache entries - consider increasing the maximum size of the cache
15-Jun-2026 23:15:07.297 WARNING [http-nio-8080-exec-68] org.apache.catalina.webresources.Cache.getResource Unable to add the resource at [/WEB-INF/classes/apache-tomcat-9.0.118/webapps/host-manager/css] to the cache for web application [/MaterialGatePassSystem] because there was insufficient free space available after evicting expired cache entries - consider increasing the maximum size of the cache
15-Jun-2026 23:15:07.297 WARNING [http-nio-8080-exec-68] org.apache.catalina.webresources.Cache.getResource Unable to add the resource at [/WEB-INF/classes/apache-tomcat-9.0.118/webapps/host-manager/images] to the cache for web application [/MaterialGatePassSystem] because there was insufficient free space available after evicting expired cache entries - consider increasing the maximum size of the cache
15-Jun-2026 23:15:07.303 WARNING [http-nio-8080-exec-68] org.apache.catalina.webresources.Cache.getResource Unable to add the resource at [/WEB-INF/classes/apache-tomcat-9.0.118/webapps/host-manager/index.jsp] to the cache for web application [/MaterialGatePassSystem] because there was insufficient free space available after evicting expired cache entries - consider increasing the maximum size of the cache
15-Jun-2026 23:15:07.303 WARNING [http-nio-8080-exec-68] org.apache.catalina.webresources.Cache.getResource Unable to add the resource at [/WEB-INF/classes/apache-tomcat-9.0.118/webapps/host-manager/META-INF] to the cache for web application [/MaterialGatePassSystem] because there was insufficient free space available after evicting expired cache entries - consider increasing the maximum size of the cache
15-Jun-2026 23:15:07.305 WARNING [http-nio-8080-exec-68] org.apache.catalina.webresources.Cache.getResource Unable to add the resource at [/WEB-INF/classes/apache-tomcat-9.0.118/webapps/host-manager/WEB-INF] to the cache for web application [/MaterialGatePassSystem] because there was insufficient free space available after evicting expired cache entries - consider increasing the maximum size of the cache
15-Jun-2026 23:15:07.347 WARNING [http-nio-8080-exec-68] org.apache.catalina.webresources.Cache.getResource Unable to add the resource at [/WEB-INF/classes/apache-tomcat-9.0.118/webapps/host-manager/css/manager.css] to the cache for web application [/MaterialGatePassSystem] because there was insufficient free space available after evicting expired cache entries - consider increasing the maximum size of the cache
15-Jun-2026 23:15:07.347 WARNING [http-nio-8080-exec-68] org.apache.catalina.webresources.Cache.getResource Unable to add the resource at [/WEB-INF/classes/apache-tomcat-9.0.118/webapps/host-manager/images/asf-logo.svg] to the cache for web application [/MaterialGatePassSystem] because there was insufficient free space available after evicting expired cache entries - consider increasing the maximum size of the cache
15-Jun-2026 23:15:07.351 WARNING [http-nio-8080-exec-68] org.apache.catalina.webresources.Cache.getResource Unable to add the resource at [/WEB-INF/classes/apache-tomcat-9.0.118/webapps/host-manager/images/favicon.ico] to the cache for web application [/MaterialGatePassSystem] because there was insufficient free space available after evicting expired cache entries - consider increasing the maximum size of the cache
15-Jun-2026 23:15:07.351 WARNING [http-nio-8080-exec-68] org.apache.catalina.webresources.Cache.getResource Unable to add the resource at [/WEB-INF/classes/apache-tomcat-9.0.118/webapps/host-manager/images/tomcat.svg] to the cache for web application [/MaterialGatePassSystem] because there was insufficient free space available after evicting expired cache entries - consider increasing the maximum size of the cache
15-Jun-2026 23:15:07.353 WARNING [http-nio-8080-exec-68] org.apache.catalina.webresources.Cache.getResource Unable to add the resource at [/WEB-INF/classes/apache-tomcat-9.0.118/webapps/host-manager/META-INF/context.xml] to the cache for web application [/MaterialGatePassSystem] because there was insufficient free space available after evicting expired cache entries - consider increasing the maximum size of the cache
15-Jun-2026 23:15:07.356 WARNING [http-nio-8080-exec-68] org.apache.catalina.webresources.Cache.getResource Unable to add the resource at [/WEB-INF/classes/apache-tomcat-9.0.118/webapps/host-manager/WEB-INF/jsp] to the cache for web application [/MaterialGatePassSystem] because there was insufficient free space available after evicting expired cache entries - consider increasing the maximum size of the cache
15-Jun-2026 23:15:07.357 WARNING [http-nio-8080-exec-68] org.apache.catalina.webresources.Cache.getResource Unable to add the resource at [/WEB-INF/classes/apache-tomcat-9.0.118/webapps/host-manager/WEB-INF/manager.xml] to the cache for web application [/MaterialGatePassSystem] because there was insufficient free space available after evicting expired cache entries - consider increasing the maximum size of the cache
15-Jun-2026 23:15:07.357 WARNING [http-nio-8080-exec-68] org.apache.catalina.webresources.Cache.getResource Unable to add the resource at [/WEB-INF/classes/apache-tomcat-9.0.118/webapps/host-manager/WEB-INF/web.xml] to the cache for web application [/MaterialGatePassSystem] because there was insufficient free space available after evicting expired cache entries - consider increasing the maximum size of the cache
15-Jun-2026 23:15:07.359 WARNING [http-nio-8080-exec-68] org.apache.catalina.webresources.Cache.getResource Unable to add the resource at [/WEB-INF/classes/apache-tomcat-9.0.118/webapps/host-manager/WEB-INF/jsp/401.jsp] to the cache for web application [/MaterialGatePassSystem] because there was insufficient free space available after evicting expired cache entries - consider increasing the maximum size of the cache
15-Jun-2026 23:15:07.360 WARNING [http-nio-8080-exec-68] org.apache.catalina.webresources.Cache.getResource Unable to add the resource at [/WEB-INF/classes/apache-tomcat-9.0.118/webapps/host-manager/WEB-INF/jsp/403.jsp] to the cache for web application [/MaterialGatePassSystem] because there was insufficient free space available after evicting expired cache entries - consider increasing the maximum size of the cache
15-Jun-2026 23:15:07.410 WARNING [http-nio-8080-exec-68] org.apache.catalina.webresources.Cache.getResource Unable to add the resource at [/WEB-INF/classes/apache-tomcat-9.0.118/webapps/host-manager/WEB-INF/jsp/404.jsp] to the cache for web application [/MaterialGatePassSystem] because there was insufficient free space available after evicting expired cache entries - consider increasing the maximum size of the cache
15-Jun-2026 23:15:07.412 WARNING [http-nio-8080-exec-68] org.apache.catalina.webresources.Cache.getResource Unable to add the resource at [/WEB-INF/classes/apache-tomcat-9.0.118/webapps/manager/css] to the cache for web application [/MaterialGatePassSystem] because there was insufficient free space available after evicting expired cache entries - consider increasing the maximum size of the cache
15-Jun-2026 23:15:07.413 WARNING [http-nio-8080-exec-68] org.apache.catalina.webresources.Cache.getResource Unable to add the resource at [/WEB-INF/classes/apache-tomcat-9.0.118/webapps/manager/images] to the cache for web application [/MaterialGatePassSystem] because there was insufficient free space available after evicting expired cache entries - consider increasing the maximum size of the cache
15-Jun-2026 23:15:07.413 WARNING [http-nio-8080-exec-68] org.apache.catalina.webresources.Cache.getResource Unable to add the resource at [/WEB-INF/classes/apache-tomcat-9.0.118/webapps/manager/index.jsp] to the cache for web application [/MaterialGatePassSystem] because there was insufficient free space available after evicting expired cache entries - consider increasing the maximum size of the cache
15-Jun-2026 23:15:07.414 WARNING [http-nio-8080-exec-68] org.apache.catalina.webresources.Cache.getResource Unable to add the resource at [/WEB-INF/classes/apache-tomcat-9.0.118/webapps/manager/META-INF] to the cache for web application [/MaterialGatePassSystem] because there was insufficient free space available after evicting expired cache entries - consider increasing the maximum size of the cache
15-Jun-2026 23:15:07.415 WARNING [http-nio-8080-exec-68] org.apache.catalina.webresources.Cache.getResource Unable to add the resource at [/WEB-INF/classes/apache-tomcat-9.0.118/webapps/manager/status.xsd] to the cache for web application [/MaterialGatePassSystem] because there was insufficient free space available after evicting expired cache entries - consider increasing the maximum size of the cache
15-Jun-2026 23:15:07.416 WARNING [http-nio-8080-exec-68] org.apache.catalina.webresources.Cache.getResource Unable to add the resource at [/WEB-INF/classes/apache-tomcat-9.0.118/webapps/manager/WEB-INF] to the cache for web application [/MaterialGatePassSystem] because there was insufficient free space available after evicting expired cache entries - consider increasing the maximum size of the cache
15-Jun-2026 23:15:07.417 WARNING [http-nio-8080-exec-68] org.apache.catalina.webresources.Cache.getResource Unable to add the resource at [/WEB-INF/classes/apache-tomcat-9.0.118/webapps/manager/xform.xsl] to the cache for web application [/MaterialGatePassSystem] because there was insufficient free space available after evicting expired cache entries - consider increasing the maximum size of the cache
15-Jun-2026 23:15:07.419 WARNING [http-nio-8080-exec-68] org.apache.catalina.webresources.Cache.getResource Unable to add the resource at [/WEB-INF/classes/apache-tomcat-9.0.118/webapps/manager/css/manager.css] to the cache for web application [/MaterialGatePassSystem] because there was insufficient free space available after evicting expired cache entries - consider increasing the maximum size of the cache
15-Jun-2026 23:15:07.420 WARNING [http-nio-8080-exec-68] org.apache.catalina.webresources.Cache.getResource Unable to add the resource at [/WEB-INF/classes/apache-tomcat-9.0.118/webapps/manager/images/asf-logo.svg] to the cache for web application [/MaterialGatePassSystem] because there was insufficient free space available after evicting expired cache entries - consider increasing the maximum size of the cache
15-Jun-2026 23:15:07.420 WARNING [http-nio-8080-exec-68] org.apache.catalina.webresources.Cache.getResource Unable to add the resource at [/WEB-INF/classes/apache-tomcat-9.0.118/webapps/manager/images/favicon.ico] to the cache for web application [/MaterialGatePassSystem] because there was insufficient free space available after evicting expired cache entries - consider increasing the maximum size of the cache
15-Jun-2026 23:15:07.462 WARNING [http-nio-8080-exec-68] org.apache.catalina.webresources.Cache.getResource Unable to add the resource at [/WEB-INF/classes/apache-tomcat-9.0.118/webapps/manager/images/tomcat.svg] to the cache for web application [/MaterialGatePassSystem] because there was insufficient free space available after evicting expired cache entries - consider increasing the maximum size of the cache
15-Jun-2026 23:15:07.463 WARNING [http-nio-8080-exec-68] org.apache.catalina.webresources.Cache.getResource Unable to add the resource at [/WEB-INF/classes/apache-tomcat-9.0.118/webapps/manager/META-INF/context.xml] to the cache for web application [/MaterialGatePassSystem] because there was insufficient free space available after evicting expired cache entries - consider increasing the maximum size of the cache
15-Jun-2026 23:15:07.464 WARNING [http-nio-8080-exec-68] org.apache.catalina.webresources.Cache.getResource Unable to add the resource at [/WEB-INF/classes/apache-tomcat-9.0.118/webapps/manager/WEB-INF/jsp] to the cache for web application [/MaterialGatePassSystem] because there was insufficient free space available after evicting expired cache entries - consider increasing the maximum size of the cache
15-Jun-2026 23:15:07.466 WARNING [http-nio-8080-exec-68] org.apache.catalina.webresources.Cache.getResource Unable to add the resource at [/WEB-INF/classes/apache-tomcat-9.0.118/webapps/manager/WEB-INF/web.xml] to the cache for web application [/MaterialGatePassSystem] because there was insufficient free space available after evicting expired cache entries - consider increasing the maximum size of the cache
15-Jun-2026 23:15:07.467 WARNING [http-nio-8080-exec-68] org.apache.catalina.webresources.Cache.getResource Unable to add the resource at [/WEB-INF/classes/apache-tomcat-9.0.118/webapps/manager/WEB-INF/jsp/401.jsp] to the cache for web application [/MaterialGatePassSystem] because there was insufficient free space available after evicting expired cache entries - consider increasing the maximum size of the cache
15-Jun-2026 23:15:07.467 WARNING [http-nio-8080-exec-68] org.apache.catalina.webresources.Cache.getResource Unable to add the resource at [/WEB-INF/classes/apache-tomcat-9.0.118/webapps/manager/WEB-INF/jsp/403.jsp] to the cache for web application [/MaterialGatePassSystem] because there was insufficient free space available after evicting expired cache entries - consider increasing the maximum size of the cache
15-Jun-2026 23:15:07.467 WARNING [http-nio-8080-exec-68] org.apache.catalina.webresources.Cache.getResource Unable to add the resource at [/WEB-INF/classes/apache-tomcat-9.0.118/webapps/manager/WEB-INF/jsp/404.jsp] to the cache for web application [/MaterialGatePassSystem] because there was insufficient free space available after evicting expired cache entries - consider increasing the maximum size of the cache
15-Jun-2026 23:15:07.467 WARNING [http-nio-8080-exec-68] org.apache.catalina.webresources.Cache.getResource Unable to add the resource at [/WEB-INF/classes/apache-tomcat-9.0.118/webapps/manager/WEB-INF/jsp/connectorCerts.jsp] to the cache for web application [/MaterialGatePassSystem] because there was insufficient free space available after evicting expired cache entries - consider increasing the maximum size of the cache
15-Jun-2026 23:15:07.467 WARNING [http-nio-8080-exec-68] org.apache.catalina.webresources.Cache.getResource Unable to add the resource at [/WEB-INF/classes/apache-tomcat-9.0.118/webapps/manager/WEB-INF/jsp/connectorCiphers.jsp] to the cache for web application [/MaterialGatePassSystem] because there was insufficient free space available after evicting expired cache entries - consider increasing the maximum size of the cache
15-Jun-2026 23:15:07.467 WARNING [http-nio-8080-exec-68] org.apache.catalina.webresources.Cache.getResource Unable to add the resource at [/WEB-INF/classes/apache-tomcat-9.0.118/webapps/manager/WEB-INF/jsp/connectorTrustedCerts.jsp] to the cache for web application [/MaterialGatePassSystem] because there was insufficient free space available after evicting expired cache entries - consider increasing the maximum size of the cache
15-Jun-2026 23:15:07.515 WARNING [http-nio-8080-exec-68] org.apache.catalina.webresources.Cache.getResource Unable to add the resource at [/WEB-INF/classes/apache-tomcat-9.0.118/webapps/manager/WEB-INF/jsp/sessionDetail.jsp] to the cache for web application [/MaterialGatePassSystem] because there was insufficient free space available after evicting expired cache entries - consider increasing the maximum size of the cache
15-Jun-2026 23:15:07.516 WARNING [http-nio-8080-exec-68] org.apache.catalina.webresources.Cache.getResource Unable to add the resource at [/WEB-INF/classes/apache-tomcat-9.0.118/webapps/manager/WEB-INF/jsp/sessionsList.jsp] to the cache for web application [/MaterialGatePassSystem] because there was insufficient free space available after evicting expired cache entries - consider increasing the maximum size of the cache
15-Jun-2026 23:15:07.517 WARNING [http-nio-8080-exec-68] org.apache.catalina.webresources.Cache.getResource Unable to add the resource at [/WEB-INF/classes/apache-tomcat-9.0.118/webapps/ROOT/asf-logo-wide.svg] to the cache for web application [/MaterialGatePassSystem] because there was insufficient free space available after evicting expired cache entries - consider increasing the maximum size of the cache
15-Jun-2026 23:15:07.517 WARNING [http-nio-8080-exec-68] org.apache.catalina.webresources.Cache.getResource Unable to add the resource at [/WEB-INF/classes/apache-tomcat-9.0.118/webapps/ROOT/bg-button.png] to the cache for web application [/MaterialGatePassSystem] because there was insufficient free space available after evicting expired cache entries - consider increasing the maximum size of the cache
15-Jun-2026 23:15:07.517 WARNING [http-nio-8080-exec-68] org.apache.catalina.webresources.Cache.getResource Unable to add the resource at [/WEB-INF/classes/apache-tomcat-9.0.118/webapps/ROOT/bg-middle.png] to the cache for web application [/MaterialGatePassSystem] because there was insufficient free space available after evicting expired cache entries - consider increasing the maximum size of the cache
15-Jun-2026 23:15:07.517 WARNING [http-nio-8080-exec-68] org.apache.catalina.webresources.Cache.getResource Unable to add the resource at [/WEB-INF/classes/apache-tomcat-9.0.118/webapps/ROOT/bg-nav.png] to the cache for web application [/MaterialGatePassSystem] because there was insufficient free space available after evicting expired cache entries - consider increasing the maximum size of the cache
15-Jun-2026 23:15:07.517 WARNING [http-nio-8080-exec-68] org.apache.catalina.webresources.Cache.getResource Unable to add the resource at [/WEB-INF/classes/apache-tomcat-9.0.118/webapps/ROOT/bg-upper.png] to the cache for web application [/MaterialGatePassSystem] because there was insufficient free space available after evicting expired cache entries - consider increasing the maximum size of the cache
15-Jun-2026 23:15:07.517 WARNING [http-nio-8080-exec-68] org.apache.catalina.webresources.Cache.getResource Unable to add the resource at [/WEB-INF/classes/apache-tomcat-9.0.118/webapps/ROOT/favicon.ico] to the cache for web application [/MaterialGatePassSystem] because there was insufficient free space available after evicting expired cache entries - consider increasing the maximum size of the cache
15-Jun-2026 23:15:07.517 WARNING [http-nio-8080-exec-68] org.apache.catalina.webresources.Cache.getResource Unable to add the resource at [/WEB-INF/classes/apache-tomcat-9.0.118/webapps/ROOT/index.jsp] to the cache for web application [/MaterialGatePassSystem] because there was insufficient free space available after evicting expired cache entries - consider increasing the maximum size of the cache
15-Jun-2026 23:15:07.517 WARNING [http-nio-8080-exec-68] org.apache.catalina.webresources.Cache.getResource Unable to add the resource at [/WEB-INF/classes/apache-tomcat-9.0.118/webapps/ROOT/RELEASE-NOTES.txt] to the cache for web application [/MaterialGatePassSystem] because there was insufficient free space available after evicting expired cache entries - consider increasing the maximum size of the cache
15-Jun-2026 23:15:07.523 WARNING [http-nio-8080-exec-68] org.apache.catalina.webresources.Cache.getResource Unable to add the resource at [/WEB-INF/classes/apache-tomcat-9.0.118/webapps/ROOT/tomcat.css] to the cache for web application [/MaterialGatePassSystem] because there was insufficient free space available after evicting expired cache entries - consider increasing the maximum size of the cache
15-Jun-2026 23:15:07.567 WARNING [http-nio-8080-exec-68] org.apache.catalina.webresources.Cache.getResource Unable to add the resource at [/WEB-INF/classes/apache-tomcat-9.0.118/webapps/ROOT/tomcat.svg] to the cache for web application [/MaterialGatePassSystem] because there was insufficient free space available after evicting expired cache entries - consider increasing the maximum size of the cache
15-Jun-2026 23:15:07.567 WARNING [http-nio-8080-exec-68] org.apache.catalina.webresources.Cache.getResource Unable to add the resource at [/WEB-INF/classes/apache-tomcat-9.0.118/webapps/ROOT/WEB-INF] to the cache for web application [/MaterialGatePassSystem] because there was insufficient free space available after evicting expired cache entries - consider increasing the maximum size of the cache
15-Jun-2026 23:15:07.567 WARNING [http-nio-8080-exec-68] org.apache.catalina.webresources.Cache.getResource Unable to add the resource at [/WEB-INF/classes/apache-tomcat-9.0.118/webapps/ROOT/WEB-INF/web.xml] to the cache for web application [/MaterialGatePassSystem] because there was insufficient free space available after evicting expired cache entries - consider increasing the maximum size of the cache
15-Jun-2026 23:15:07.567 WARNING [http-nio-8080-exec-68] org.apache.catalina.webresources.Cache.getResource Unable to add the resource at [/WEB-INF/classes/apache-tomcat-9.0.118/work/Catalina] to the cache for web application [/MaterialGatePassSystem] because there was insufficient free space available after evicting expired cache entries - consider increasing the maximum size of the cache
15-Jun-2026 23:15:07.567 WARNING [http-nio-8080-exec-68] org.apache.catalina.webresources.Cache.getResource Unable to add the resource at [/WEB-INF/classes/apache-tomcat-9.0.118/work/Catalina/localhost] to the cache for web application [/MaterialGatePassSystem] because there was insufficient free space available after evicting expired cache entries - consider increasing the maximum size of the cache
15-Jun-2026 23:15:07.574 WARNING [http-nio-8080-exec-68] org.apache.catalina.webresources.Cache.getResource Unable to add the resource at [/WEB-INF/classes/apache-tomcat-9.0.118/work/Catalina/localhost/docs] to the cache for web application [/MaterialGatePassSystem] because there was insufficient free space available after evicting expired cache entries - consider increasing the maximum size of the cache
15-Jun-2026 23:15:07.574 WARNING [http-nio-8080-exec-68] org.apache.catalina.webresources.Cache.getResource Unable to add the resource at [/WEB-INF/classes/apache-tomcat-9.0.118/work/Catalina/localhost/examples] to the cache for web application [/MaterialGatePassSystem] because there was insufficient free space available after evicting expired cache entries - consider increasing the maximum size of the cache
15-Jun-2026 23:15:07.575 WARNING [http-nio-8080-exec-68] org.apache.catalina.webresources.Cache.getResource Unable to add the resource at [/WEB-INF/classes/apache-tomcat-9.0.118/work/Catalina/localhost/Gatepassweb] to the cache for web application [/MaterialGatePassSystem] because there was insufficient free space available after evicting expired cache entries - consider increasing the maximum size of the cache
15-Jun-2026 23:15:07.576 WARNING [http-nio-8080-exec-68] org.apache.catalina.webresources.Cache.getResource Unable to add the resource at [/WEB-INF/classes/apache-tomcat-9.0.118/work/Catalina/localhost/host-manager] to the cache for web application [/MaterialGatePassSystem] because there was insufficient free space available after evicting expired cache entries - consider increasing the maximum size of the cache
15-Jun-2026 23:15:07.577 WARNING [http-nio-8080-exec-68] org.apache.catalina.webresources.Cache.getResource Unable to add the resource at [/WEB-INF/classes/apache-tomcat-9.0.118/work/Catalina/localhost/manager] to the cache for web application [/MaterialGatePassSystem] because there was insufficient free space available after evicting expired cache entries - consider increasing the maximum size of the cache
15-Jun-2026 23:15:07.578 WARNING [http-nio-8080-exec-68] org.apache.catalina.webresources.Cache.getResource Unable to add the resource at [/WEB-INF/classes/apache-tomcat-9.0.118/work/Catalina/localhost/ROOT] to the cache for web application [/MaterialGatePassSystem] because there was insufficient free space available after evicting expired cache entries - consider increasing the maximum size of the cache
15-Jun-2026 23:15:07.623 WARNING [http-nio-8080-exec-68] org.apache.catalina.webresources.Cache.getResource Unable to add the resource at [/WEB-INF/classes/com/mgps] to the cache for web application [/MaterialGatePassSystem] because there was insufficient free space available after evicting expired cache entries - consider increasing the maximum size of the cache
15-Jun-2026 23:15:07.624 WARNING [http-nio-8080-exec-68] org.apache.catalina.webresources.Cache.getResource Unable to add the resource at [/WEB-INF/classes/com/mgps/servlet] to the cache for web application [/MaterialGatePassSystem] because there was insufficient free space available after evicting expired cache entries - consider increasing the maximum size of the cache
15-Jun-2026 23:15:07.625 WARNING [http-nio-8080-exec-68] org.apache.catalina.webresources.Cache.getResource Unable to add the resource at [/WEB-INF/classes/com/mgps/util] to the cache for web application [/MaterialGatePassSystem] because there was insufficient free space available after evicting expired cache entries - consider increasing the maximum size of the cache
15-Jun-2026 23:15:07.816 WARNING [http-nio-8080-exec-68] org.apache.catalina.webresources.Cache.getResource Unable to add the resource at [/WEB-INF/classes/] to the cache for web application [/MaterialGatePassSystem] because there was insufficient free space available after evicting expired cache entries - consider increasing the maximum size of the cache
15-Jun-2026 23:15:07.817 WARNING [http-nio-8080-exec-68] org.apache.catalina.webresources.Cache.getResource Unable to add the resource at [/WEB-INF/classes/] to the cache for web application [/MaterialGatePassSystem] because there was insufficient free space available after evicting expired cache entries - consider increasing the maximum size of the cache
15-Jun-2026 23:15:07.817 WARNING [http-nio-8080-exec-68] org.apache.catalina.webresources.Cache.getResource Unable to add the resource at [/WEB-INF/classes/] to the cache for web application [/MaterialGatePassSystem] because there was insufficient free space available after evicting expired cache entries - consider increasing the maximum size of the cache
15-Jun-2026 23:15:07.817 WARNING [http-nio-8080-exec-68] org.apache.catalina.webresources.Cache.getResource Unable to add the resource at [/WEB-INF/classes/] to the cache for web application [/MaterialGatePassSystem] because there was insufficient free space available after evicting expired cache entries - consider increasing the maximum size of the cache
15-Jun-2026 23:15:07.823 WARNING [http-nio-8080-exec-68] org.apache.catalina.webresources.Cache.getResource Unable to add the resource at [/WEB-INF/classes/] to the cache for web application [/MaterialGatePassSystem] because there was insufficient free space available after evicting expired cache entries - consider increasing the maximum size of the cache
15-Jun-2026 23:15:07.823 WARNING [http-nio-8080-exec-68] org.apache.catalina.webresources.Cache.getResource Unable to add the resource at [/WEB-INF/classes/] to the cache for web application [/MaterialGatePassSystem] because there was insufficient free space available after evicting expired cache entries - consider increasing the maximum size of the cache
15-Jun-2026 23:15:07.832 INFO [http-nio-8080-exec-68] org.apache.jasper.servlet.TldScanner.scanJars At least one JAR was scanned for TLDs yet contained no TLDs. Enable debug logging for this logger for a complete list of JARs that were scanned but no TLDs were found in them. Skipping unneeded JARs during scanning can improve startup time and JSP compilation time.
15-Jun-2026 23:15:07.836 WARNING [http-nio-8080-exec-68] org.apache.catalina.webresources.Cache.getResource Unable to add the resource at [/] to the cache for web application [/MaterialGatePassSystem] because there was insufficient free space available after evicting expired cache entries - consider increasing the maximum size of the cache
15-Jun-2026 23:15:07.837 INFO [http-nio-8080-exec-68] org.apache.catalina.startup.HostConfig.deployDescriptor Deployment of deployment descriptor [C:\Users\rosha\Downloads\apache-tomcat-9.0.118-windows-x64\apache-tomcat-9.0.118\conf\Catalina\localhost\MaterialGatePassSystem.xml] has finished in [1,128] ms
15-Jun-2026 23:15:07.839 INFO [http-nio-8080-exec-71] org.apache.catalina.util.LifecycleBase.start The start() method was called on component [StandardEngine[Catalina].StandardHost[localhost].StandardContext[/MaterialGatePassSystem]] after start() had already been called. The second call will be ignored.
15-Jun-2026 23:15:09.950 INFO [Catalina-utility-1] org.apache.catalina.webresources.Cache.backgroundProcess The background cache eviction process was unable to free [10] percent of the cache for Context [/MaterialGatePassSystem] - consider increasing the maximum size of the cache. After eviction approximately [10,239] KiB of data remained in the cache.
15-Jun-2026 23:16:58.756 INFO [http-nio-8080-exec-79] org.apache.catalina.core.StandardContext.reload Reloading Context with name [/MaterialGatePassSystem] has started
15-Jun-2026 23:16:58.785 WARNING [http-nio-8080-exec-79] org.apache.tomcat.util.descriptor.web.WebXml.setVersion Unknown version string [6.0]. Default version will be used.
15-Jun-2026 23:16:59.472 WARNING [http-nio-8080-exec-79] org.apache.catalina.webresources.Cache.getResource Unable to add the resource at [/WEB-INF/classes/apache-tomcat-9.0.118/webapps/examples/WEB-INF/classes/websocket/drawboard/DrawMessage.java] to the cache for web application [/MaterialGatePassSystem] because there was insufficient free space available after evicting expired cache entries - consider increasing the maximum size of the cache
15-Jun-2026 23:16:59.473 WARNING [http-nio-8080-exec-79] org.apache.catalina.webresources.Cache.getResource Unable to add the resource at [/WEB-INF/classes/apache-tomcat-9.0.118/webapps/examples/WEB-INF/classes/websocket/drawboard/Room.java] to the cache for web application [/MaterialGatePassSystem] because there was insufficient free space available after evicting expired cache entries - consider increasing the maximum size of the cache
15-Jun-2026 23:16:59.479 WARNING [http-nio-8080-exec-79] org.apache.catalina.webresources.Cache.getResource Unable to add the resource at [/WEB-INF/classes/apache-tomcat-9.0.118/webapps/examples/WEB-INF/classes/websocket/drawboard/wsmessages/StringWebsocketMessage.java] to the cache for web application [/MaterialGatePassSystem] because there was insufficient free space available after evicting expired cache entries - consider increasing the maximum size of the cache
15-Jun-2026 23:16:59.481 WARNING [http-nio-8080-exec-79] org.apache.catalina.webresources.Cache.getResource Unable to add the resource at [/WEB-INF/classes/apache-tomcat-9.0.118/webapps/examples/WEB-INF/classes/websocket/echo/EchoAnnotation.java] to the cache for web application [/MaterialGatePassSystem] because there was insufficient free space available after evicting expired cache entries - consider increasing the maximum size of the cache
15-Jun-2026 23:16:59.484 WARNING [http-nio-8080-exec-79] org.apache.catalina.webresources.Cache.getResource Unable to add the resource at [/WEB-INF/classes/apache-tomcat-9.0.118/webapps/examples/WEB-INF/classes/websocket/echo/EchoAsyncAnnotation.java] to the cache for web application [/MaterialGatePassSystem] because there was insufficient free space available after evicting expired cache entries - consider increasing the maximum size of the cache
15-Jun-2026 23:16:59.485 WARNING [http-nio-8080-exec-79] org.apache.catalina.webresources.Cache.getResource Unable to add the resource at [/WEB-INF/classes/apache-tomcat-9.0.118/webapps/examples/WEB-INF/classes/websocket/echo/EchoEndpoint.java] to the cache for web application [/MaterialGatePassSystem] because there was insufficient free space available after evicting expired cache entries - consider increasing the maximum size of the cache
15-Jun-2026 23:16:59.486 WARNING [http-nio-8080-exec-79] org.apache.catalina.webresources.Cache.getResource Unable to add the resource at [/WEB-INF/classes/apache-tomcat-9.0.118/webapps/examples/WEB-INF/classes/websocket/echo/EchoStreamAnnotation.java] to the cache for web application [/MaterialGatePassSystem] because there was insufficient free space available after evicting expired cache entries - consider increasing the maximum size of the cache
15-Jun-2026 23:16:59.490 WARNING [http-nio-8080-exec-79] org.apache.catalina.webresources.Cache.getResource Unable to add the resource at [/WEB-INF/classes/apache-tomcat-9.0.118/webapps/examples/WEB-INF/classes/websocket/snake/Direction.java] to the cache for web application [/MaterialGatePassSystem] because there was insufficient free space available after evicting expired cache entries - consider increasing the maximum size of the cache
15-Jun-2026 23:16:59.491 WARNING [http-nio-8080-exec-79] org.apache.catalina.webresources.Cache.getResource Unable to add the resource at [/WEB-INF/classes/apache-tomcat-9.0.118/webapps/examples/WEB-INF/classes/websocket/snake/Location.java] to the cache for web application [/MaterialGatePassSystem] because there was insufficient free space available after evicting expired cache entries - consider increasing the maximum size of the cache
15-Jun-2026 23:16:59.493 WARNING [http-nio-8080-exec-79] org.apache.catalina.webresources.Cache.getResource Unable to add the resource at [/WEB-INF/classes/apache-tomcat-9.0.118/webapps/examples/WEB-INF/classes/websocket/snake/Snake.java] to the cache for web application [/MaterialGatePassSystem] because there was insufficient free space available after evicting expired cache entries - consider increasing the maximum size of the cache
15-Jun-2026 23:16:59.564 WARNING [http-nio-8080-exec-79] org.apache.catalina.webresources.Cache.getResource Unable to add the resource at [/WEB-INF/classes/apache-tomcat-9.0.118/webapps/examples/WEB-INF/classes/websocket/snake/SnakeAnnotation.java] to the cache for web application [/MaterialGatePassSystem] because there was insufficient free space available after evicting expired cache entries - consider increasing the maximum size of the cache
15-Jun-2026 23:16:59.566 WARNING [http-nio-8080-exec-79] org.apache.catalina.webresources.Cache.getResource Unable to add the resource at [/WEB-INF/classes/apache-tomcat-9.0.118/webapps/examples/WEB-INF/classes/websocket/snake/SnakeTimer.java] to the cache for web application [/MaterialGatePassSystem] because there was insufficient free space available after evicting expired cache entries - consider increasing the maximum size of the cache
15-Jun-2026 23:16:59.570 WARNING [http-nio-8080-exec-79] org.apache.catalina.webresources.Cache.getResource Unable to add the resource at [/WEB-INF/classes/apache-tomcat-9.0.118/webapps/examples/WEB-INF/jsp/403.jsp] to the cache for web application [/MaterialGatePassSystem] because there was insufficient free space available after evicting expired cache entries - consider increasing the maximum size of the cache
15-Jun-2026 23:16:59.572 WARNING [http-nio-8080-exec-79] org.apache.catalina.webresources.Cache.getResource Unable to add the resource at [/WEB-INF/classes/apache-tomcat-9.0.118/webapps/examples/WEB-INF/jsp/403.jsp.html] to the cache for web application [/MaterialGatePassSystem] because there was insufficient free space available after evicting expired cache entries - consider increasing the maximum size of the cache
15-Jun-2026 23:16:59.573 WARNING [http-nio-8080-exec-79] org.apache.catalina.webresources.Cache.getResource Unable to add the resource at [/WEB-INF/classes/apache-tomcat-9.0.118/webapps/examples/WEB-INF/jsp/debug-taglib.tld] to the cache for web application [/MaterialGatePassSystem] because there was insufficient free space available after evicting expired cache entries - consider increasing the maximum size of the cache
15-Jun-2026 23:16:59.575 WARNING [http-nio-8080-exec-79] org.apache.catalina.webresources.Cache.getResource Unable to add the resource at [/WEB-INF/classes/apache-tomcat-9.0.118/webapps/examples/WEB-INF/jsp/example-taglib.tld] to the cache for web application [/MaterialGatePassSystem] because there was insufficient free space available after evicting expired cache entries - consider increasing the maximum size of the cache
15-Jun-2026 23:16:59.576 WARNING [http-nio-8080-exec-79] org.apache.catalina.webresources.Cache.getResource Unable to add the resource at [/WEB-INF/classes/apache-tomcat-9.0.118/webapps/examples/WEB-INF/jsp/jsp2-example-taglib.tld] to the cache for web application [/MaterialGatePassSystem] because there was insufficient free space available after evicting expired cache entries - consider increasing the maximum size of the cache
15-Jun-2026 23:16:59.579 WARNING [http-nio-8080-exec-79] org.apache.catalina.webresources.Cache.getResource Unable to add the resource at [/WEB-INF/classes/apache-tomcat-9.0.118/webapps/examples/WEB-INF/lib/taglibs-standard-impl-1.2.5.jar] to the cache for web application [/MaterialGatePassSystem] because there was insufficient free space available after evicting expired cache entries - consider increasing the maximum size of the cache
15-Jun-2026 23:16:59.581 WARNING [http-nio-8080-exec-79] org.apache.catalina.webresources.Cache.getResource Unable to add the resource at [/WEB-INF/classes/apache-tomcat-9.0.118/webapps/examples/WEB-INF/lib/taglibs-standard-spec-1.2.5.jar] to the cache for web application [/MaterialGatePassSystem] because there was insufficient free space available after evicting expired cache entries - consider increasing the maximum size of the cache
15-Jun-2026 23:16:59.584 WARNING [http-nio-8080-exec-79] org.apache.catalina.webresources.Cache.getResource Unable to add the resource at [/WEB-INF/classes/apache-tomcat-9.0.118/webapps/examples/WEB-INF/tags/displayProducts.tag] to the cache for web application [/MaterialGatePassSystem] because there was insufficient free space available after evicting expired cache entries - consider increasing the maximum size of the cache
15-Jun-2026 23:16:59.628 WARNING [http-nio-8080-exec-79] org.apache.catalina.webresources.Cache.getResource Unable to add the resource at [/WEB-INF/classes/apache-tomcat-9.0.118/webapps/examples/WEB-INF/tags/helloWorld.tag] to the cache for web application [/MaterialGatePassSystem] because there was insufficient free space available after evicting expired cache entries - consider increasing the maximum size of the cache
15-Jun-2026 23:16:59.630 WARNING [http-nio-8080-exec-79] org.apache.catalina.webresources.Cache.getResource Unable to add the resource at [/WEB-INF/classes/apache-tomcat-9.0.118/webapps/examples/WEB-INF/tags/panel.tag] to the cache for web application [/MaterialGatePassSystem] because there was insufficient free space available after evicting expired cache entries - consider increasing the maximum size of the cache
15-Jun-2026 23:16:59.633 WARNING [http-nio-8080-exec-79] org.apache.catalina.webresources.Cache.getResource Unable to add the resource at [/WEB-INF/classes/apache-tomcat-9.0.118/webapps/examples/websocket/chat.xhtml] to the cache for web application [/MaterialGatePassSystem] because there was insufficient free space available after evicting expired cache entries - consider increasing the maximum size of the cache
15-Jun-2026 23:16:59.634 WARNING [http-nio-8080-exec-79] org.apache.catalina.webresources.Cache.getResource Unable to add the resource at [/WEB-INF/classes/apache-tomcat-9.0.118/webapps/examples/websocket/drawboard.xhtml] to the cache for web application [/MaterialGatePassSystem] because there was insufficient free space available after evicting expired cache entries - consider increasing the maximum size of the cache
15-Jun-2026 23:16:59.635 WARNING [http-nio-8080-exec-79] org.apache.catalina.webresources.Cache.getResource Unable to add the resource at [/WEB-INF/classes/apache-tomcat-9.0.118/webapps/examples/websocket/echo.xhtml] to the cache for web application [/MaterialGatePassSystem] because there was insufficient free space available after evicting expired cache entries - consider increasing the maximum size of the cache
15-Jun-2026 23:16:59.637 WARNING [http-nio-8080-exec-79] org.apache.catalina.webresources.Cache.getResource Unable to add the resource at [/WEB-INF/classes/apache-tomcat-9.0.118/webapps/examples/websocket/index.xhtml] to the cache for web application [/MaterialGatePassSystem] because there was insufficient free space available after evicting expired cache entries - consider increasing the maximum size of the cache
15-Jun-2026 23:16:59.637 WARNING [http-nio-8080-exec-79] org.apache.catalina.webresources.Cache.getResource Unable to add the resource at [/WEB-INF/classes/apache-tomcat-9.0.118/webapps/examples/websocket/snake.xhtml] to the cache for web application [/MaterialGatePassSystem] because there was insufficient free space available after evicting expired cache entries - consider increasing the maximum size of the cache
15-Jun-2026 23:16:59.639 WARNING [http-nio-8080-exec-79] org.apache.catalina.webresources.Cache.getResource Unable to add the resource at [/WEB-INF/classes/apache-tomcat-9.0.118/webapps/host-manager/css] to the cache for web application [/MaterialGatePassSystem] because there was insufficient free space available after evicting expired cache entries - consider increasing the maximum size of the cache
15-Jun-2026 23:16:59.640 WARNING [http-nio-8080-exec-79] org.apache.catalina.webresources.Cache.getResource Unable to add the resource at [/WEB-INF/classes/apache-tomcat-9.0.118/webapps/host-manager/images] to the cache for web application [/MaterialGatePassSystem] because there was insufficient free space available after evicting expired cache entries - consider increasing the maximum size of the cache
15-Jun-2026 23:16:59.641 WARNING [http-nio-8080-exec-79] org.apache.catalina.webresources.Cache.getResource Unable to add the resource at [/WEB-INF/classes/apache-tomcat-9.0.118/webapps/host-manager/index.jsp] to the cache for web application [/MaterialGatePassSystem] because there was insufficient free space available after evicting expired cache entries - consider increasing the maximum size of the cache
15-Jun-2026 23:16:59.692 WARNING [http-nio-8080-exec-79] org.apache.catalina.webresources.Cache.getResource Unable to add the resource at [/WEB-INF/classes/apache-tomcat-9.0.118/webapps/host-manager/META-INF] to the cache for web application [/MaterialGatePassSystem] because there was insufficient free space available after evicting expired cache entries - consider increasing the maximum size of the cache
15-Jun-2026 23:16:59.694 WARNING [http-nio-8080-exec-79] org.apache.catalina.webresources.Cache.getResource Unable to add the resource at [/WEB-INF/classes/apache-tomcat-9.0.118/webapps/host-manager/WEB-INF] to the cache for web application [/MaterialGatePassSystem] because there was insufficient free space available after evicting expired cache entries - consider increasing the maximum size of the cache
15-Jun-2026 23:16:59.696 WARNING [http-nio-8080-exec-79] org.apache.catalina.webresources.Cache.getResource Unable to add the resource at [/WEB-INF/classes/apache-tomcat-9.0.118/webapps/host-manager/css/manager.css] to the cache for web application [/MaterialGatePassSystem] because there was insufficient free space available after evicting expired cache entries - consider increasing the maximum size of the cache
15-Jun-2026 23:16:59.697 WARNING [http-nio-8080-exec-79] org.apache.catalina.webresources.Cache.getResource Unable to add the resource at [/WEB-INF/classes/apache-tomcat-9.0.118/webapps/host-manager/images/asf-logo.svg] to the cache for web application [/MaterialGatePassSystem] because there was insufficient free space available after evicting expired cache entries - consider increasing the maximum size of the cache
15-Jun-2026 23:16:59.699 WARNING [http-nio-8080-exec-79] org.apache.catalina.webresources.Cache.getResource Unable to add the resource at [/WEB-INF/classes/apache-tomcat-9.0.118/webapps/host-manager/images/favicon.ico] to the cache for web application [/MaterialGatePassSystem] because there was insufficient free space available after evicting expired cache entries - consider increasing the maximum size of the cache
15-Jun-2026 23:16:59.700 WARNING [http-nio-8080-exec-79] org.apache.catalina.webresources.Cache.getResource Unable to add the resource at [/WEB-INF/classes/apache-tomcat-9.0.118/webapps/host-manager/images/tomcat.svg] to the cache for web application [/MaterialGatePassSystem] because there was insufficient free space available after evicting expired cache entries - consider increasing the maximum size of the cache
15-Jun-2026 23:16:59.703 WARNING [http-nio-8080-exec-79] org.apache.catalina.webresources.Cache.getResource Unable to add the resource at [/WEB-INF/classes/apache-tomcat-9.0.118/webapps/host-manager/META-INF/context.xml] to the cache for web application [/MaterialGatePassSystem] because there was insufficient free space available after evicting expired cache entries - consider increasing the maximum size of the cache
15-Jun-2026 23:16:59.705 WARNING [http-nio-8080-exec-79] org.apache.catalina.webresources.Cache.getResource Unable to add the resource at [/WEB-INF/classes/apache-tomcat-9.0.118/webapps/host-manager/WEB-INF/jsp] to the cache for web application [/MaterialGatePassSystem] because there was insufficient free space available after evicting expired cache entries - consider increasing the maximum size of the cache
15-Jun-2026 23:16:59.706 WARNING [http-nio-8080-exec-79] org.apache.catalina.webresources.Cache.getResource Unable to add the resource at [/WEB-INF/classes/apache-tomcat-9.0.118/webapps/host-manager/WEB-INF/manager.xml] to the cache for web application [/MaterialGatePassSystem] because there was insufficient free space available after evicting expired cache entries - consider increasing the maximum size of the cache
15-Jun-2026 23:16:59.706 WARNING [http-nio-8080-exec-79] org.apache.catalina.webresources.Cache.getResource Unable to add the resource at [/WEB-INF/classes/apache-tomcat-9.0.118/webapps/host-manager/WEB-INF/web.xml] to the cache for web application [/MaterialGatePassSystem] because there was insufficient free space available after evicting expired cache entries - consider increasing the maximum size of the cache
15-Jun-2026 23:16:59.759 WARNING [http-nio-8080-exec-79] org.apache.catalina.webresources.Cache.getResource Unable to add the resource at [/WEB-INF/classes/apache-tomcat-9.0.118/webapps/host-manager/WEB-INF/jsp/401.jsp] to the cache for web application [/MaterialGatePassSystem] because there was insufficient free space available after evicting expired cache entries - consider increasing the maximum size of the cache
15-Jun-2026 23:16:59.760 WARNING [http-nio-8080-exec-79] org.apache.catalina.webresources.Cache.getResource Unable to add the resource at [/WEB-INF/classes/apache-tomcat-9.0.118/webapps/host-manager/WEB-INF/jsp/403.jsp] to the cache for web application [/MaterialGatePassSystem] because there was insufficient free space available after evicting expired cache entries - consider increasing the maximum size of the cache
15-Jun-2026 23:16:59.760 WARNING [http-nio-8080-exec-79] org.apache.catalina.webresources.Cache.getResource Unable to add the resource at [/WEB-INF/classes/apache-tomcat-9.0.118/webapps/host-manager/WEB-INF/jsp/404.jsp] to the cache for web application [/MaterialGatePassSystem] because there was insufficient free space available after evicting expired cache entries - consider increasing the maximum size of the cache
15-Jun-2026 23:16:59.763 WARNING [http-nio-8080-exec-79] org.apache.catalina.webresources.Cache.getResource Unable to add the resource at [/WEB-INF/classes/apache-tomcat-9.0.118/webapps/manager/css] to the cache for web application [/MaterialGatePassSystem] because there was insufficient free space available after evicting expired cache entries - consider increasing the maximum size of the cache
15-Jun-2026 23:16:59.763 WARNING [http-nio-8080-exec-79] org.apache.catalina.webresources.Cache.getResource Unable to add the resource at [/WEB-INF/classes/apache-tomcat-9.0.118/webapps/manager/images] to the cache for web application [/MaterialGatePassSystem] because there was insufficient free space available after evicting expired cache entries - consider increasing the maximum size of the cache
15-Jun-2026 23:16:59.763 WARNING [http-nio-8080-exec-79] org.apache.catalina.webresources.Cache.getResource Unable to add the resource at [/WEB-INF/classes/apache-tomcat-9.0.118/webapps/manager/index.jsp] to the cache for web application [/MaterialGatePassSystem] because there was insufficient free space available after evicting expired cache entries - consider increasing the maximum size of the cache
15-Jun-2026 23:16:59.763 WARNING [http-nio-8080-exec-79] org.apache.catalina.webresources.Cache.getResource Unable to add the resource at [/WEB-INF/classes/apache-tomcat-9.0.118/webapps/manager/META-INF] to the cache for web application [/MaterialGatePassSystem] because there was insufficient free space available after evicting expired cache entries - consider increasing the maximum size of the cache
15-Jun-2026 23:16:59.767 WARNING [http-nio-8080-exec-79] org.apache.catalina.webresources.Cache.getResource Unable to add the resource at [/WEB-INF/classes/apache-tomcat-9.0.118/webapps/manager/status.xsd] to the cache for web application [/MaterialGatePassSystem] because there was insufficient free space available after evicting expired cache entries - consider increasing the maximum size of the cache
15-Jun-2026 23:16:59.767 WARNING [http-nio-8080-exec-79] org.apache.catalina.webresources.Cache.getResource Unable to add the resource at [/WEB-INF/classes/apache-tomcat-9.0.118/webapps/manager/WEB-INF] to the cache for web application [/MaterialGatePassSystem] because there was insufficient free space available after evicting expired cache entries - consider increasing the maximum size of the cache
15-Jun-2026 23:16:59.767 WARNING [http-nio-8080-exec-79] org.apache.catalina.webresources.Cache.getResource Unable to add the resource at [/WEB-INF/classes/apache-tomcat-9.0.118/webapps/manager/xform.xsl] to the cache for web application [/MaterialGatePassSystem] because there was insufficient free space available after evicting expired cache entries - consider increasing the maximum size of the cache
15-Jun-2026 23:16:59.767 WARNING [http-nio-8080-exec-79] org.apache.catalina.webresources.Cache.getResource Unable to add the resource at [/WEB-INF/classes/apache-tomcat-9.0.118/webapps/manager/css/manager.css] to the cache for web application [/MaterialGatePassSystem] because there was insufficient free space available after evicting expired cache entries - consider increasing the maximum size of the cache
15-Jun-2026 23:16:59.809 WARNING [http-nio-8080-exec-79] org.apache.catalina.webresources.Cache.getResource Unable to add the resource at [/WEB-INF/classes/apache-tomcat-9.0.118/webapps/manager/images/asf-logo.svg] to the cache for web application [/MaterialGatePassSystem] because there was insufficient free space available after evicting expired cache entries - consider increasing the maximum size of the cache
15-Jun-2026 23:16:59.811 WARNING [http-nio-8080-exec-79] org.apache.catalina.webresources.Cache.getResource Unable to add the resource at [/WEB-INF/classes/apache-tomcat-9.0.118/webapps/manager/images/favicon.ico] to the cache for web application [/MaterialGatePassSystem] because there was insufficient free space available after evicting expired cache entries - consider increasing the maximum size of the cache
15-Jun-2026 23:16:59.812 WARNING [http-nio-8080-exec-79] org.apache.catalina.webresources.Cache.getResource Unable to add the resource at [/WEB-INF/classes/apache-tomcat-9.0.118/webapps/manager/images/tomcat.svg] to the cache for web application [/MaterialGatePassSystem] because there was insufficient free space available after evicting expired cache entries - consider increasing the maximum size of the cache
15-Jun-2026 23:16:59.815 WARNING [http-nio-8080-exec-79] org.apache.catalina.webresources.Cache.getResource Unable to add the resource at [/WEB-INF/classes/apache-tomcat-9.0.118/webapps/manager/META-INF/context.xml] to the cache for web application [/MaterialGatePassSystem] because there was insufficient free space available after evicting expired cache entries - consider increasing the maximum size of the cache
15-Jun-2026 23:16:59.817 WARNING [http-nio-8080-exec-79] org.apache.catalina.webresources.Cache.getResource Unable to add the resource at [/WEB-INF/classes/apache-tomcat-9.0.118/webapps/manager/WEB-INF/jsp] to the cache for web application [/MaterialGatePassSystem] because there was insufficient free space available after evicting expired cache entries - consider increasing the maximum size of the cache
15-Jun-2026 23:16:59.818 WARNING [http-nio-8080-exec-79] org.apache.catalina.webresources.Cache.getResource Unable to add the resource at [/WEB-INF/classes/apache-tomcat-9.0.118/webapps/manager/WEB-INF/web.xml] to the cache for web application [/MaterialGatePassSystem] because there was insufficient free space available after evicting expired cache entries - consider increasing the maximum size of the cache
15-Jun-2026 23:16:59.821 WARNING [http-nio-8080-exec-79] org.apache.catalina.webresources.Cache.getResource Unable to add the resource at [/WEB-INF/classes/apache-tomcat-9.0.118/webapps/manager/WEB-INF/jsp/401.jsp] to the cache for web application [/MaterialGatePassSystem] because there was insufficient free space available after evicting expired cache entries - consider increasing the maximum size of the cache
15-Jun-2026 23:16:59.823 WARNING [http-nio-8080-exec-79] org.apache.catalina.webresources.Cache.getResource Unable to add the resource at [/WEB-INF/classes/apache-tomcat-9.0.118/webapps/manager/WEB-INF/jsp/403.jsp] to the cache for web application [/MaterialGatePassSystem] because there was insufficient free space available after evicting expired cache entries - consider increasing the maximum size of the cache
15-Jun-2026 23:16:59.825 WARNING [http-nio-8080-exec-79] org.apache.catalina.webresources.Cache.getResource Unable to add the resource at [/WEB-INF/classes/apache-tomcat-9.0.118/webapps/manager/WEB-INF/jsp/404.jsp] to the cache for web application [/MaterialGatePassSystem] because there was insufficient free space available after evicting expired cache entries - consider increasing the maximum size of the cache
15-Jun-2026 23:16:59.826 WARNING [http-nio-8080-exec-79] org.apache.catalina.webresources.Cache.getResource Unable to add the resource at [/WEB-INF/classes/apache-tomcat-9.0.118/webapps/manager/WEB-INF/jsp/connectorCerts.jsp] to the cache for web application [/MaterialGatePassSystem] because there was insufficient free space available after evicting expired cache entries - consider increasing the maximum size of the cache
15-Jun-2026 23:16:59.871 WARNING [http-nio-8080-exec-79] org.apache.catalina.webresources.Cache.getResource Unable to add the resource at [/WEB-INF/classes/apache-tomcat-9.0.118/webapps/manager/WEB-INF/jsp/connectorCiphers.jsp] to the cache for web application [/MaterialGatePassSystem] because there was insufficient free space available after evicting expired cache entries - consider increasing the maximum size of the cache
15-Jun-2026 23:16:59.873 WARNING [http-nio-8080-exec-79] org.apache.catalina.webresources.Cache.getResource Unable to add the resource at [/WEB-INF/classes/apache-tomcat-9.0.118/webapps/manager/WEB-INF/jsp/connectorTrustedCerts.jsp] to the cache for web application [/MaterialGatePassSystem] because there was insufficient free space available after evicting expired cache entries - consider increasing the maximum size of the cache
15-Jun-2026 23:16:59.875 WARNING [http-nio-8080-exec-79] org.apache.catalina.webresources.Cache.getResource Unable to add the resource at [/WEB-INF/classes/apache-tomcat-9.0.118/webapps/manager/WEB-INF/jsp/sessionDetail.jsp] to the cache for web application [/MaterialGatePassSystem] because there was insufficient free space available after evicting expired cache entries - consider increasing the maximum size of the cache
15-Jun-2026 23:16:59.877 WARNING [http-nio-8080-exec-79] org.apache.catalina.webresources.Cache.getResource Unable to add the resource at [/WEB-INF/classes/apache-tomcat-9.0.118/webapps/manager/WEB-INF/jsp/sessionsList.jsp] to the cache for web application [/MaterialGatePassSystem] because there was insufficient free space available after evicting expired cache entries - consider increasing the maximum size of the cache
15-Jun-2026 23:16:59.882 WARNING [http-nio-8080-exec-79] org.apache.catalina.webresources.Cache.getResource Unable to add the resource at [/WEB-INF/classes/apache-tomcat-9.0.118/webapps/ROOT/asf-logo-wide.svg] to the cache for web application [/MaterialGatePassSystem] because there was insufficient free space available after evicting expired cache entries - consider increasing the maximum size of the cache
15-Jun-2026 23:16:59.883 WARNING [http-nio-8080-exec-79] org.apache.catalina.webresources.Cache.getResource Unable to add the resource at [/WEB-INF/classes/apache-tomcat-9.0.118/webapps/ROOT/bg-button.png] to the cache for web application [/MaterialGatePassSystem] because there was insufficient free space available after evicting expired cache entries - consider increasing the maximum size of the cache
15-Jun-2026 23:16:59.884 WARNING [http-nio-8080-exec-79] org.apache.catalina.webresources.Cache.getResource Unable to add the resource at [/WEB-INF/classes/apache-tomcat-9.0.118/webapps/ROOT/bg-middle.png] to the cache for web application [/MaterialGatePassSystem] because there was insufficient free space available after evicting expired cache entries - consider increasing the maximum size of the cache
15-Jun-2026 23:16:59.885 WARNING [http-nio-8080-exec-79] org.apache.catalina.webresources.Cache.getResource Unable to add the resource at [/WEB-INF/classes/apache-tomcat-9.0.118/webapps/ROOT/bg-nav.png] to the cache for web application [/MaterialGatePassSystem] because there was insufficient free space available after evicting expired cache entries - consider increasing the maximum size of the cache
15-Jun-2026 23:16:59.887 WARNING [http-nio-8080-exec-79] org.apache.catalina.webresources.Cache.getResource Unable to add the resource at [/WEB-INF/classes/apache-tomcat-9.0.118/webapps/ROOT/bg-upper.png] to the cache for web application [/MaterialGatePassSystem] because there was insufficient free space available after evicting expired cache entries - consider increasing the maximum size of the cache
15-Jun-2026 23:16:59.888 WARNING [http-nio-8080-exec-79] org.apache.catalina.webresources.Cache.getResource Unable to add the resource at [/WEB-INF/classes/apache-tomcat-9.0.118/webapps/ROOT/favicon.ico] to the cache for web application [/MaterialGatePassSystem] because there was insufficient free space available after evicting expired cache entries - consider increasing the maximum size of the cache
15-Jun-2026 23:16:59.925 WARNING [http-nio-8080-exec-79] org.apache.catalina.webresources.Cache.getResource Unable to add the resource at [/WEB-INF/classes/apache-tomcat-9.0.118/webapps/ROOT/index.jsp] to the cache for web application [/MaterialGatePassSystem] because there was insufficient free space available after evicting expired cache entries - consider increasing the maximum size of the cache
15-Jun-2026 23:16:59.926 WARNING [http-nio-8080-exec-79] org.apache.catalina.webresources.Cache.getResource Unable to add the resource at [/WEB-INF/classes/apache-tomcat-9.0.118/webapps/ROOT/RELEASE-NOTES.txt] to the cache for web application [/MaterialGatePassSystem] because there was insufficient free space available after evicting expired cache entries - consider increasing the maximum size of the cache
15-Jun-2026 23:16:59.928 WARNING [http-nio-8080-exec-79] org.apache.catalina.webresources.Cache.getResource Unable to add the resource at [/WEB-INF/classes/apache-tomcat-9.0.118/webapps/ROOT/tomcat.css] to the cache for web application [/MaterialGatePassSystem] because there was insufficient free space available after evicting expired cache entries - consider increasing the maximum size of the cache
15-Jun-2026 23:16:59.930 WARNING [http-nio-8080-exec-79] org.apache.catalina.webresources.Cache.getResource Unable to add the resource at [/WEB-INF/classes/apache-tomcat-9.0.118/webapps/ROOT/tomcat.svg] to the cache for web application [/MaterialGatePassSystem] because there was insufficient free space available after evicting expired cache entries - consider increasing the maximum size of the cache
15-Jun-2026 23:16:59.931 WARNING [http-nio-8080-exec-79] org.apache.catalina.webresources.Cache.getResource Unable to add the resource at [/WEB-INF/classes/apache-tomcat-9.0.118/webapps/ROOT/WEB-INF] to the cache for web application [/MaterialGatePassSystem] because there was insufficient free space available after evicting expired cache entries - consider increasing the maximum size of the cache
15-Jun-2026 23:16:59.935 WARNING [http-nio-8080-exec-79] org.apache.catalina.webresources.Cache.getResource Unable to add the resource at [/WEB-INF/classes/apache-tomcat-9.0.118/webapps/ROOT/WEB-INF/web.xml] to the cache for web application [/MaterialGatePassSystem] because there was insufficient free space available after evicting expired cache entries - consider increasing the maximum size of the cache
15-Jun-2026 23:16:59.937 WARNING [http-nio-8080-exec-79] org.apache.catalina.webresources.Cache.getResource Unable to add the resource at [/WEB-INF/classes/apache-tomcat-9.0.118/work/Catalina] to the cache for web application [/MaterialGatePassSystem] because there was insufficient free space available after evicting expired cache entries - consider increasing the maximum size of the cache
15-Jun-2026 23:16:59.940 WARNING [http-nio-8080-exec-79] org.apache.catalina.webresources.Cache.getResource Unable to add the resource at [/WEB-INF/classes/apache-tomcat-9.0.118/work/Catalina/localhost] to the cache for web application [/MaterialGatePassSystem] because there was insufficient free space available after evicting expired cache entries - consider increasing the maximum size of the cache
15-Jun-2026 23:16:59.942 WARNING [http-nio-8080-exec-79] org.apache.catalina.webresources.Cache.getResource Unable to add the resource at [/WEB-INF/classes/apache-tomcat-9.0.118/work/Catalina/localhost/docs] to the cache for web application [/MaterialGatePassSystem] because there was insufficient free space available after evicting expired cache entries - consider increasing the maximum size of the cache
15-Jun-2026 23:16:59.944 WARNING [http-nio-8080-exec-79] org.apache.catalina.webresources.Cache.getResource Unable to add the resource at [/WEB-INF/classes/apache-tomcat-9.0.118/work/Catalina/localhost/examples] to the cache for web application [/MaterialGatePassSystem] because there was insufficient free space available after evicting expired cache entries - consider increasing the maximum size of the cache
15-Jun-2026 23:16:59.945 WARNING [http-nio-8080-exec-79] org.apache.catalina.webresources.Cache.getResource Unable to add the resource at [/WEB-INF/classes/apache-tomcat-9.0.118/work/Catalina/localhost/Gatepassweb] to the cache for web application [/MaterialGatePassSystem] because there was insufficient free space available after evicting expired cache entries - consider increasing the maximum size of the cache
15-Jun-2026 23:16:59.977 WARNING [http-nio-8080-exec-79] org.apache.catalina.webresources.Cache.getResource Unable to add the resource at [/WEB-INF/classes/apache-tomcat-9.0.118/work/Catalina/localhost/host-manager] to the cache for web application [/MaterialGatePassSystem] because there was insufficient free space available after evicting expired cache entries - consider increasing the maximum size of the cache
15-Jun-2026 23:16:59.979 WARNING [http-nio-8080-exec-79] org.apache.catalina.webresources.Cache.getResource Unable to add the resource at [/WEB-INF/classes/apache-tomcat-9.0.118/work/Catalina/localhost/manager] to the cache for web application [/MaterialGatePassSystem] because there was insufficient free space available after evicting expired cache entries - consider increasing the maximum size of the cache
15-Jun-2026 23:16:59.981 WARNING [http-nio-8080-exec-79] org.apache.catalina.webresources.Cache.getResource Unable to add the resource at [/WEB-INF/classes/apache-tomcat-9.0.118/work/Catalina/localhost/ROOT] to the cache for web application [/MaterialGatePassSystem] because there was insufficient free space available after evicting expired cache entries - consider increasing the maximum size of the cache
15-Jun-2026 23:16:59.992 WARNING [http-nio-8080-exec-79] org.apache.catalina.webresources.Cache.getResource Unable to add the resource at [/WEB-INF/classes/com/mgps] to the cache for web application [/MaterialGatePassSystem] because there was insufficient free space available after evicting expired cache entries - consider increasing the maximum size of the cache
15-Jun-2026 23:16:59.994 WARNING [http-nio-8080-exec-79] org.apache.catalina.webresources.Cache.getResource Unable to add the resource at [/WEB-INF/classes/com/mgps/servlet] to the cache for web application [/MaterialGatePassSystem] because there was insufficient free space available after evicting expired cache entries - consider increasing the maximum size of the cache
15-Jun-2026 23:16:59.995 WARNING [http-nio-8080-exec-79] org.apache.catalina.webresources.Cache.getResource Unable to add the resource at [/WEB-INF/classes/com/mgps/util] to the cache for web application [/MaterialGatePassSystem] because there was insufficient free space available after evicting expired cache entries - consider increasing the maximum size of the cache
15-Jun-2026 23:17:00.291 WARNING [http-nio-8080-exec-79] org.apache.catalina.webresources.Cache.getResource Unable to add the resource at [/WEB-INF/classes/] to the cache for web application [/MaterialGatePassSystem] because there was insufficient free space available after evicting expired cache entries - consider increasing the maximum size of the cache
15-Jun-2026 23:17:00.294 WARNING [http-nio-8080-exec-79] org.apache.catalina.webresources.Cache.getResource Unable to add the resource at [/WEB-INF/classes/] to the cache for web application [/MaterialGatePassSystem] because there was insufficient free space available after evicting expired cache entries - consider increasing the maximum size of the cache
15-Jun-2026 23:17:00.296 WARNING [http-nio-8080-exec-79] org.apache.catalina.webresources.Cache.getResource Unable to add the resource at [/WEB-INF/classes/] to the cache for web application [/MaterialGatePassSystem] because there was insufficient free space available after evicting expired cache entries - consider increasing the maximum size of the cache
15-Jun-2026 23:17:00.299 WARNING [http-nio-8080-exec-79] org.apache.catalina.webresources.Cache.getResource Unable to add the resource at [/WEB-INF/classes/] to the cache for web application [/MaterialGatePassSystem] because there was insufficient free space available after evicting expired cache entries - consider increasing the maximum size of the cache
15-Jun-2026 23:17:00.301 WARNING [http-nio-8080-exec-79] org.apache.catalina.webresources.Cache.getResource Unable to add the resource at [/WEB-INF/classes/] to the cache for web application [/MaterialGatePassSystem] because there was insufficient free space available after evicting expired cache entries - consider increasing the maximum size of the cache
15-Jun-2026 23:17:00.303 WARNING [http-nio-8080-exec-79] org.apache.catalina.webresources.Cache.getResource Unable to add the resource at [/WEB-INF/classes/] to the cache for web application [/MaterialGatePassSystem] because there was insufficient free space available after evicting expired cache entries - consider increasing the maximum size of the cache
15-Jun-2026 23:17:00.312 INFO [http-nio-8080-exec-79] org.apache.jasper.servlet.TldScanner.scanJars At least one JAR was scanned for TLDs yet contained no TLDs. Enable debug logging for this logger for a complete list of JARs that were scanned but no TLDs were found in them. Skipping unneeded JARs during scanning can improve startup time and JSP compilation time.
15-Jun-2026 23:17:00.316 WARNING [http-nio-8080-exec-79] org.apache.catalina.webresources.Cache.getResource Unable to add the resource at [/] to the cache for web application [/MaterialGatePassSystem] because there was insufficient free space available after evicting expired cache entries - consider increasing the maximum size of the cache
15-Jun-2026 23:17:00.318 INFO [http-nio-8080-exec-79] org.apache.catalina.core.StandardContext.reload Reloading Context with name [/MaterialGatePassSystem] is completed
15-Jun-2026 23:17:00.318 INFO [Catalina-utility-1] org.apache.catalina.webresources.Cache.backgroundProcess The background cache eviction process was unable to free [10] percent of the cache for Context [/MaterialGatePassSystem] - consider increasing the maximum size of the cache. After eviction approximately [10,239] KiB of data remained in the cache.
15-Jun-2026 23:18:50.350 INFO [main] org.apache.catalina.core.StandardServer.await A valid shutdown command was received via the shutdown port. Stopping the Server instance.
15-Jun-2026 23:18:50.351 INFO [main] org.apache.coyote.AbstractProtocol.pause Pausing ProtocolHandler ["http-nio-8080"]
15-Jun-2026 23:18:50.360 INFO [main] org.apache.catalina.core.StandardService.stopInternal Stopping service [Catalina]
15-Jun-2026 23:18:50.373 INFO [main] org.apache.coyote.AbstractProtocol.stop Stopping ProtocolHandler ["http-nio-8080"]
15-Jun-2026 23:18:50.399 INFO [main] org.apache.coyote.AbstractProtocol.destroy Destroying ProtocolHandler ["http-nio-8080"]
